dist,zvel,PIDx,PIDz,xvel,pitch,theta
0.09000000357627869,-0.04098096862435341,0,0.5,0.0032379352487623744,1.6148833732391772,73.17129084182172
0.10999999940395355,-0.037455733865499496,0,0.5,0.004304058849811558,1.6149898891824452,36.20164456808705
0.10999999940395355,-0.037985268980264664,0,0.5,0.002888293704018002,1.615599123891774,0.0
0.10999999940395355,-0.0385986790060997,0,0.5,0.004626195877790456,1.624120478760984,0.0
0.10999999940395355,-0.03912336006760597,0,0.5,0.005968972574919468,1.6186640364748288,0.0
0.09000000357627869,-0.04123358801007271,0,0.5,0.00721828686073423,1.6207485866949825,35.77314501565085
0.09000000357627869,-0.042446210980415344,0,0.5,0.0038254479877650803,1.6237397905210964,0.0
0.09000000357627869,-0.039455752819776535,0,0.5,0.0039297016337513984,1.6190174123527676,0.0
0.09000000357627869,0.06353931874036789,0,0.5,0.005477962084114545,1.416537338945376,0.0
0.10999999940395355,0.14970135688781738,0,0.5,0.006184624973684531,0.9383276875035356,34.99784303636838
0.10999999940395355,0.32833629846572876,0,0.5,0.00047034426825116963,0.5486725198092606,0.0
0.03999999910593033,0.3654758632183075,0,0.5,-0.002788595855236099,0.12264960823532486,67.62304520575307
0.03999999910593033,0.4012655019760132,0,0.5,-0.015275785699486783,-0.18244695797285104,0.0
0.09000000357627869,0.39824727177619934,0,0.5,-0.024918133392930083,-0.4418212811002796,61.080110501060815
0.09000000357627869,0.39221036434173584,0,0.5,-0.04180148988962179,-0.5177750820515252,0.0
0.14000000059604645,0.39250999689102173,0,0.5,-0.05283366888761526,-0.4827359596794008,64.52947306271594
0.14000000059604645,0.39127451181411743,0,0.5,-0.06726962327957159,-0.3253224583270452,0.0
0.1899999976158142,0.39024263620376587,0,0.5,-0.07258880883455282,-0.14358804366016342,69.87724402378788
0.1899999976158142,0.38998934626579285,0,0.5,-0.07881902903318411,0.1465370226603025,0.0
0.20999999344348907,0.3888692259788513,0,0.5,-0.0815142765641213,0.3945329364662576,60.87752905606862
0.20999999344348907,0.3898445963859558,0,0.5,-0.08363506197929388,0.6712873971903901,0.0
0.25999999046325684,0.39131367206573486,0,0.5,-0.08406809717416769,0.8397802256822362,85.20561694461047
0.25999999046325684,0.3935837149620056,0,0.5,-0.08028747141361242,1.0468094767694744,0.0
0.28999999165534973,0.3950679302215576,0,0.5,-0.07779200375080114,1.262179195927552,82.92050874465211
0.28999999165534973,0.39610835909843445,0,0.5,-0.07073755562305456,1.3834493507835806,0.0
0.3400000035762787,0.39599037170410156,0,0.5,-0.0672722607851029,1.4748962829516525,82.36578183681468
0.3400000035762787,0.40103793144226074,0,0.5,-0.058991033583879526,1.562452289799007,0.0
0.38999998569488525,0.40349316596984863,0,0.5,-0.05154207348823553,1.5898761453208399,81.56170517089433
0.38999998569488525,0.40274304151535034,0,0.5,-0.041724216192960795,1.5838898653693794,0.0
0.38999998569488525,0.4045954942703247,0,0.5,-0.035330951213836725,1.5554410485273589,0.0
0.38999998569488525,0.406387060880661,0,0.5,-0.03153438866138464,1.4704790965362666,0.0
0.44999998807907104,0.4059511423110962,0,0.5,-0.023706076666712816,1.409036471638598,80.75925244608511
0.44999998807907104,0.40673741698265076,0,0.5,-0.02280867844820028,1.2860825744687474,0.0
0.5099999904632568,0.4115598499774933,0,0.5,-0.020554224029183443,1.2147781860849278,77.68822688113475
0.5099999904632568,0.4120596647262573,0,0.5,-0.0179345421493054,1.1345547749433096,0.0
0.550000011920929,0.4141298532485962,0,0.5,-0.01792671903967863,1.0831432608861773,68.4189170369038
0.550000011920929,0.41405773162841797,0,0.5,-0.018506493419408854,1.0389283973569656,0.0
0.5899999737739563,0.4150221347808838,0,0.5,-0.020720157772302683,1.0316276508027442,63.72677480511205
0.5899999737739563,0.4162169098854065,0,0.5,-0.021253030747175272,1.0477294200616953,0.0
0.6600000262260437,0.41769638657569885,0,0.5,-0.024390840902924593,1.0814231319054193,70.35155571320568
0.6600000262260437,0.4177396297454834,0,0.5,-0.024545112624764498,1.1582779107851153,0.0
0.7200000286102295,0.4163578748703003,0,0.5,-0.02306054532527929,1.193534141972779,65.25734772054375
0.7200000286102295,0.41700074076652527,0,0.5,-0.02224492840468889,1.265679559161473,0.0
0.7799999713897705,0.4211861789226532,0,0.5,-0.01865199394524103,1.316496737052385,61.73270186306944
0.7799999713897705,0.4210126996040344,0,0.5,-0.01645049080252653,1.4087416336141363,0.0
0.8299999833106995,0.4244075417518616,0,0.5,-0.014329803176224285,1.4429473809248998,55.17649279583265
0.8299999833106995,0.42319363355636597,0,0.5,-0.012405296787619645,1.4406398535746985,0.0
0.8899999856948853,0.4265853762626648,0,0.5,-0.010122196748852784,1.3908995383803362,56.919325714760454
0.8899999856948853,0.42791593074798584,0,0.5,-0.009065288119018132,1.3291023430628361,0.0
0.9300000071525574,0.42713263630867004,0,0.5,-0.01035254076123243,1.2943657898395586,43.48615747654805
0.9300000071525574,0.4275752007961273,0,0.5,-0.010439800098538453,1.2551566389161382,0.0
0.9700000286102295,0.43136662244796753,0,0.5,-0.008535770699381882,1.251953994350295,41.32447096215281
0.9700000286102295,0.4353729784488678,0,0.5,-0.008586697280407007,1.2718966055426957,0.0
1.0399999618530273,0.43327295780181885,0,0.5,-0.00462707551196223,1.2845926277139053,55.99298723805541
1.0399999618530273,0.43366533517837524,0,0.5,-0.004424789454788024,1.2822398284405192,0.0
1.090000033378601,0.43588095903396606,0,0.46323394831098125,-0.00346887437626725,1.2717273511064409,46.37513346806159
1.090000033378601,0.4355965554714203,0,0.46868546127785865,-0.0013389902887866456,1.262027157517569,0.0
1.1200000047683716,0.4346010684967041,0,0.43108568504391814,-0.0010735142277554233,1.2468022886405656,30.971697379539084
1.1200000047683716,0.4281195402145386,0,0.43435445541508333,-0.0014489747118205379,1.2370392211875314,0.0
1.1799999475479126,0.4063219428062439,0,0.35929437368408756,-0.0016121203079820198,1.2375121172658734,49.28980988477603
1.1799999475479126,0.39218518137931824,0,0.36584934826852866,-0.001708079711534133,1.2415473717402743,0.0
1.2400000095367432,0.3709312677383423,0,0.29073114349961526,-0.0016076196916401861,1.2494200162536906,48.24129573272837
1.2400000095367432,0.3467182219028473,0,0.29727888436928424,-0.00271615781821315,1.2482726015836694,0.0
1.2799999713897705,0.3035232424736023,0,0.2471598986931332,-0.0037642566021532206,1.2511022344954468,35.480233030406225
1.2799999713897705,0.27751070261001587,0,0.2515200153508247,-0.005659858696162735,1.2600366037221655,0.0
1.2999999523162842,0.23771868646144867,0,0.2264400543709405,-0.003806966124102503,1.2996447387030183,19.104657247452845
1.2999999523162842,0.22225838899612427,0,0.22861755418206015,-0.003022744553163676,1.3212084091343768,0.0
1.350000023841858,0.19025196135044098,0,0.16607715254950617,-0.00338111701421442,1.342753911186925,39.90213664119962
1.350000023841858,0.18297511339187622,0,0.17154087134441745,-0.0035239646676928026,1.3523859316383324,0.0
1.350000023841858,0.1784604787826538,0,0.17144258507619428,-0.004023876972496531,1.3611701192208803,0.0
1.3799999952316284,0.15955965220928192,0,0.13393033505545324,-0.002906302222982068,1.3769684455361797,25.656148098151895
1.3799999952316284,0.1331525444984436,0,0.1372100462032684,-0.0035301079042256043,1.4066276330832002,0.0
1.3899999856948853,0.11727771162986755,0,0.12465127246470908,-0.0030962328892201324,1.4431740976461542,8.911272989132208
1.3899999856948853,0.1140889972448349,0,0.12573767321419177,-0.00253514060750605,1.4673046137369747,0.0
0.38999998569488525,-0.3566518723964691,0,0.5,0.001966975396499083,1.7318274931724247,15.499256079284988
0.3499999940395355,-0.3008255064487457,0,0.5,0.00309991044923667,1.6551054965997105,12.302980876954424
0.3499999940395355,-0.2916141152381897,0,0.5,0.0031714378856122867,1.62344702370921,0.0
0.3499999940395355,-0.28959956765174866,0,0.5,0.0031573683954775706,1.612844344113871,0.0
0.33000001311302185,-0.09452243894338608,0,0.5,0.004783329088240876,1.594546909349,6.238206855729347
0.33000001311302185,0.09725836664438248,0,0.5,0.00951594300568103,1.5240874859054596,0.0
0.3100000023841858,0.4344894587993622,0,0.5,0.015049675479531238,1.3360685082448165,6.330828608731953
0.3100000023841858,0.5088969469070435,0,0.5,0.013536324724554957,1.240259102033284,0.0
0.3100000023841858,0.5081227421760559,0,0.5,0.010106079280376375,1.205124668343358,0.0
0.3100000023841858,0.4901093542575836,0,0.5,0.006428263150155487,1.238733636442242,0.0
0.3700000047683716,0.4738062024116516,0,0.5,0.002985071390867177,1.307040705790776,19.050493065499396
0.3700000047683716,0.47549331188201904,0,0.5,0.0025779246352612404,1.4255017582046094,0.0
0.41999998688697815,0.4766947031021118,0,0.5,0.0022128778509795093,1.516446099181381,16.298781334561614
0.41999998688697815,0.47802531719207764,0,0.5,0.003357084002345743,1.6256966069390277,0.0
0.4699999988079071,0.4773542284965515,0,0.5,0.0050194920040666485,1.672172230214447,16.501489700529103
0.4699999988079071,0.4764496982097626,0,0.5,0.0066018560901283645,1.721835507945407,0.0
0.5199999809265137,0.4746316373348236,0,0.5,0.006931217387318554,1.7228137253640594,16.67158065844478
0.5199999809265137,0.4754127562046051,0,0.5,0.009369585663080158,1.7145812712317154,0.0
0.5799999833106995,0.47696343064308167,0,0.5,0.010133850388228836,1.6988084245202655,19.9925227207514
0.5799999833106995,0.4748902916908264,0,0.5,0.011733848601579609,1.654029665129386,0.0
0.5799999833106995,0.4754648208618164,0,0.5,0.011541779153048935,1.637028522873117,0.0
0.5799999833106995,0.47700807452201843,0,0.5,0.013225869275629463,1.5956090225229673,0.0
0.6499999761581421,0.47923916578292847,0,0.5,0.013656797818839493,1.5813367274809247,23.39808781201783
0.6499999761581421,0.4775847792625427,0,0.5,0.012859115377068462,1.5320172155677836,0.0
0.7200000286102295,0.47728875279426575,0,0.5,0.012930009514093342,1.5095047783424547,23.52301551461613
0.7200000286102295,0.4786182940006256,0,0.5,0.011962454766035023,1.4788492244346796,0.0
0.7699999809265137,0.48248428106307983,0,0.5,0.011834150180220547,1.439886133431,17.503304464176793
0.7699999809265137,0.4813459515571594,0,0.5,0.010276605375111046,1.4269428015918297,0.0
0.8399999737739563,0.4816296100616455,0,0.5,0.009399394504725876,1.4201023358359486,24.0727264551082
0.8399999737739563,0.4815049171447754,0,0.5,0.006822589784860555,1.4323127387012633,0.0
0.8500000238418579,0.4811539053916931,0,0.5,0.0072195902466773414,1.4410192264963915,3.6531196359837543
0.8500000238418579,0.4829869270324707,0,0.5,0.005772086326032821,1.4304006812849444,0.0
0.9100000262260437,0.4830232560634613,0,0.5,0.0053794081322848224,1.4239097665256994,21.130436769939543
0.9100000262260437,0.4843151271343231,0,0.5,0.003738490864634456,1.417790304129281,0.0
1.0099999904632568,0.48409828543663025,0,0.5,0.004385287407785597,1.4291056257360821,33.109499204965985
1.0099999904632568,0.48298901319503784,0,0.5,0.002365208463743272,1.441157962173905,0.0
1.0399999618530273,0.4838665723800659,0,0.5,0.00018039417045650783,1.4723348129392686,11.079159123223628
1.0399999618530273,0.4839950203895569,0,0.5,-0.0002323609369341864,1.5065530020316567,0.0
1.090000033378601,0.48277753591537476,0,0.4632230504958331,-9.897589916369179e-05,1.5258907819173395,18.06088400385396
1.090000033378601,0.48442623019218445,0,0.46868409905096514,0.0003324183635413064,1.5339615364361754,0.0
1.159999966621399,0.483618825674057,0,0.3810855624492723,-0.0014691584510729291,1.5411291969511571,24.497185406847912
1.159999966621399,0.4753206968307495,0,0.3887294776416788,-0.0016622045077384082,1.5675260900655135,0.0
1.2000000476837158,0.4533199965953827,0,0.3385911167559148,-0.002322630025446469,1.5896682444109407,14.568225310332819
1.2000000476837158,0.4324539005756378,0,0.34294884317737223,-0.0021527006756514823,1.6435422188486812,0.0
1.2400000095367432,0.37754568457603455,0,0.2928686053971715,-0.0021781206596643184,1.6970527226047751,14.608415254889241
1.2400000095367432,0.3578793406486511,0,0.2972335655418568,-0.003537735668942375,1.7498698020992731,0.0
1.2899999618530273,0.3293754756450653,0,0.2346542457606337,-0.0015112308319658433,1.7572311360639676,18.115659135369654
1.2899999618530273,0.31499335169792175,0,0.24011306812199382,-0.0008253838750534136,1.747486276958789,0.0
1.3300000429153442,0.2841287851333618,0,0.19001407033432577,-0.00019779967260550362,1.7228663217434674,14.662952264744417
1.3300000429153442,0.2707003653049469,0,0.1943767171430452,0.0007159581873565592,1.6858752981305665,0.0
1.3600000143051147,0.23051080107688904,0,0.1567970824903233,-1.2765667634112939e-05,1.6618607543698825,11.209265619232635
1.3600000143051147,0.2177618145942688,0,0.16006837055914083,0.0007872136775403947,1.636994756584946,0.0
1.399999976158142,0.1825367510318756,0,0.11000857969849367,0.0008768305415287389,1.6277666839717346,14.924198424564535
1.399999976158142,0.16773930191993713,0,0.11437609570812317,3.208717680534145e-05,1.6267360152553243,0.0
0.38999998569488525,-0.32739612460136414,0,0.5,0.0027227313257754218,1.6616407166967055,89.05235549299606
0.38999998569488525,-0.30248740315437317,0,0.5,0.0034882386680692773,1.6400573462628276,0.0
0.36000001430511475,-0.23577995598316193,0,0.5,0.006072467658668782,1.6197470448342628,10.7276606028222
0.36000001430511475,-0.20913255214691162,0,0.5,0.00758938351646068,1.6114603647428014,0.0
0.36000001430511475,0.024679742753505707,0,0.5,0.012526581063866608,1.5757840794066122,0.0
0.36000001430511475,0.22048954665660858,0,0.5,0.016743743792176215,1.49769612290882,0.0
0.28999999165534973,0.5011747479438782,0,0.5,0.021665941923856673,1.3869676821915269,23.876865911453034
0.28999999165534973,0.5509032011032104,0,0.5,0.021336918696761062,1.3299535702277112,0.0
0.3199999928474426,0.5189834237098694,0,0.5,0.017797334119677478,1.3023092961145661,10.753368091815902
0.3199999928474426,0.499892920255661,0,0.5,0.018046647310256892,1.2952868545600038,0.0
0.3700000047683716,0.4949761629104614,0,0.5,0.014755425974726614,1.333822228638438,17.708768317953854
0.3700000047683716,0.49425891041755676,0,0.5,0.012633563019335207,1.367976510353731,0.0
0.41999998688697815,0.49546191096305847,0,0.5,0.009535735473036704,1.4057559289162176,17.63628044475341
0.41999998688697815,0.495587557554245,0,0.5,0.008930349722504553,1.433736295298996,0.0
0.44999998807907104,0.49322310090065,0,0.5,0.00478176027536386,1.446025944487571,10.725209039184582
0.44999998807907104,0.493165522813797,0,0.5,0.004171070642769274,1.4557204358513625,0.0
0.47999998927116394,0.49466365575790405,0,0.5,0.0020683095790445184,1.475881462651296,10.594141268352319
0.47999998927116394,0.4932253360748291,0,0.5,0.0016746190376579144,1.486018384645821,0.0
0.5199999809265137,0.4925270676612854,0,0.5,0.0013122232630848275,1.5111175035126698,14.086188753868155
0.5199999809265137,0.4921432435512543,0,0.5,0.00020151380158489078,1.507402625425834,0.0
0.5799999833106995,0.4922823905944824,0,0.5,-0.0027453147340566523,1.5287637186266647,20.38318207735354
0.5799999833106995,0.49151989817619324,0,0.5,-0.0037113763391972182,1.5470381130959188,0.0
0.6100000143051147,0.49153751134872437,0,0.5,-0.003244427498430073,1.570980532309648,10.42458308354769
0.6100000143051147,0.492461621761322,0,0.5,-0.0028237500227988356,1.5874678551075845,0.0
0.6499999761581421,0.4913744032382965,0,0.5,-0.0018092379905284043,1.6010334969657172,13.673917613388122
0.6499999761581421,0.49293258786201477,0,0.5,-0.0014235529815778728,1.6131745857630426,0.0
0.7099999785423279,0.49230527877807617,0,0.5,0.00030880060512566645,1.6072853782295426,20.01743657478088
0.7099999785423279,0.4925907254219055,0,0.5,0.0009087786311283112,1.6013265103230412,0.0
0.75,0.49096134305000305,0,0.5,0.0016362203750758771,1.5942845589798726,13.625821381890647
0.75,0.49286597967147827,0,0.5,0.0023422394879161717,1.589331446448706,0.0
0.8199999928474426,0.494695246219635,0,0.5,0.0032829483970999115,1.5927229706388908,23.165351838925282
0.8199999928474426,0.4939391314983368,0,0.5,0.0025138505734502675,1.6002143661119819,0.0
0.8399999737739563,0.4938485622406006,0,0.5,0.004348149523138939,1.5819802968088947,6.900740152279461
0.8399999737739563,0.4927504360675812,0,0.5,0.0035486335400491354,1.5679024058038769,0.0
0.8999999761581421,0.4962456524372101,0,0.5,0.0027535492554306377,1.5326562979042144,20.153194553037558
0.8999999761581421,0.4970144033432007,0,0.5,0.004380936734378277,1.5254860569548845,0.0
0.9300000071525574,0.49665188789367676,0,0.5,0.0056609460152685035,1.506827678164622,10.478052434848793
0.9300000071525574,0.4976976215839386,0,0.5,0.005338192917406498,1.5046714607765783,0.0
0.9700000286102295,0.49482661485671997,0,0.5,0.004359516315162121,1.5137494439005243,13.852584674993022
0.9700000286102295,0.4941408634185791,0,0.5,0.003459863830357729,1.5124872863446013,0.0
1.0399999618530273,0.4944310784339905,0,0.5,0.0034472444094716887,1.5128797881732676,23.35172977250923
1.0399999618530273,0.49453631043434143,0,0.5,0.0030837447848170384,1.5143143643567696,0.0
1.1100000143051147,0.4993542730808258,0,0.43823397147114745,0.003976618405431447,1.507579514548591,23.48401045655177
1.1100000143051147,0.4993666112422943,0,0.44587298294834254,0.0035510486923157553,1.5040152673199965,0.0
1.159999966621399,0.49649178981781006,0,0.3832341681680729,0.0042768735438584666,1.5077786748944983,17.298101054957556
1.159999966621399,0.4641042947769165,0,0.38868555365455215,0.0017038948135449903,1.529653507372104,0.0
1.2200000286102295,0.4439105987548828,0,0.3135856500993819,0.001954774837940876,1.568322099363266,20.443086502001595
1.2200000286102295,0.4062090516090393,0,0.32013567862076875,0.0013968729181214655,1.573550115658069,0.0
1.25,0.38714420795440674,0,0.2825169669801535,0.0010811531683429583,1.5629702230177407,10.607928994385782
1.25,0.3446630537509918,0,0.28578337042548435,-0.0006416498217732154,1.5578456812074517,0.0
1.2899999618530273,0.3253175914287567,0,0.23572296898690137,-0.0007192423217930312,1.5953727984043833,13.965757459889566
1.2899999618530273,0.29040610790252686,0,0.24009040867428888,-0.0008458303636871646,1.6256512338309401,0.0
1.3300000429153442,0.2794078290462494,0,0.19001123790336266,-0.0018263240344822767,1.63573880911538,13.919208440832627
1.3300000429153442,0.26136329770088196,0,0.1943763630891748,-0.0028983771335333924,1.6612188750479784,0.0
1.3700000047683716,0.24831494688987732,0,0.14429705015451844,-0.002815029118210109,1.656324138687231,13.962904025528221
1.3700000047683716,0.21056000888347626,0,0.14866212590489677,-0.0019376333802938737,1.6554396737297543,0.0
1.3799999952316284,0.19329982995986938,0,0.13608277289066947,-0.0032747539225965994,1.6406468518199429,3.5581621870242275
1.3799999952316284,0.16037149727344513,0,0.13716660123069366,-0.005030915606766961,1.634590751532406,0.0
0.38999998569488525,-0.35395383834838867,0,0.5,0.0016596821369603706,1.8388018357873417,21.97787665560076
0.38999998569488525,-0.33123865723609924,0,0.5,0.0012645652750507394,1.8442052532828495,0.0
0.3700000047683716,-0.28587761521339417,0,0.5,0.002117354888469015,1.8358425291453047,7.915786339974386
0.3700000047683716,-0.2385534942150116,0,0.5,0.00461886916309598,1.8044419277786825,0.0
0.36000001430511475,0.0678834617137909,0,0.5,0.013002992607653132,1.7555384372416876,4.1036890974336195
0.36000001430511475,0.2318364679813385,0,0.5,0.015820156782865497,1.615997156180733,0.0
0.33000001311302185,0.5234550833702087,0,0.5,0.02239814959466451,1.512196369530939,12.484085409060768
0.33000001311302185,0.55263352394104,0,0.5,0.022664893418550422,1.4165133351649077,0.0
0.33000001311302185,0.518134593963623,0,0.5,0.015579425729811129,1.409394270577233,0.0
0.33000001311302185,0.5044378638267517,0,0.5,0.011891319416463314,1.4293452620773566,0.0
0.3799999952316284,0.49794575572013855,0,0.5,0.007240197155624569,1.4553571549014261,22.525119382980833
0.3799999952316284,0.49841806292533875,0,0.5,0.006177142262458742,1.5005216020296468,0.0
0.4099999964237213,0.5001506805419922,0,0.5,0.005838671233504951,1.5404362102762164,14.407796252685786
0.4099999964237213,0.499318391084671,0,0.5,0.005455094389617384,1.601686388167758,0.0
0.4699999988079071,0.498514324426651,0,0.5,0.0062946174293755895,1.6329859103898439,28.003714401752
0.4699999988079071,0.49720367789268494,0,0.5,0.006933008320629538,1.6663488775498563,0.0
0.5199999809265137,0.4975316524505615,0,0.5,0.00721803354099387,1.679140593278633,24.247734710086768
0.5199999809265137,0.49558424949645996,0,0.5,0.00679498678073281,1.6774904823270627,0.0
0.5799999833106995,0.4959736764431,0,0.5,0.005808281246572673,1.6669507687794722,29.279865134514804
0.5799999833106995,0.4970961809158325,0,0.5,0.00544353062286967,1.6611562545707725,0.0
0.6399999856948853,0.49699556827545166,0,0.5,0.003178844228386819,1.6558162576970925,30.30182186800141
0.6399999856948853,0.4981437921524048,0,0.5,0.002388780703768074,1.6357450009664145,0.0
0.6499999761581421,0.5002111792564392,0,0.5,0.0012073499383404244,1.6288592230440793,5.62026659353385
0.6499999761581421,0.5008103251457214,0,0.5,0.0016297926194965221,1.6418032977857877,0.0
0.699999988079071,0.5020184516906738,0,0.5,0.0007532433955929553,1.6565457657221276,26.298373671191158
0.699999988079071,0.49978142976760864,0,0.5,0.0024336182978003597,1.6977074275607256,0.0
0.75,0.4974271357059479,0,0.5,0.0025926830712705235,1.704054818514435,27.01784999992485
0.75,0.4978844225406647,0,0.5,0.004603462293744026,1.6847224071759002,0.0
0.7900000214576721,0.49843841791152954,0,0.5,0.0057138730771839,1.6479135701100764,22.220463153122918
0.7900000214576721,0.4975072741508484,0,0.5,0.006451810244470773,1.6292450528191949,0.0
0.8399999737739563,0.4956085681915283,0,0.5,0.004946897272020517,1.5980778741677122,27.44998696022722
0.8399999737739563,0.4995826184749603,0,0.5,0.005120358895510373,1.5837842975586913,0.0
0.8700000047683716,0.500927209854126,0,0.5,0.004640415776520905,1.5800591535617807,17.292633487329635
0.8700000047683716,0.5010024309158325,0,0.5,0.0024783192202448225,1.599599031675717,0.0
0.9100000262260437,0.4996090233325958,0,0.5,0.0016853789566084122,1.6313593048872457,22.347698969596514
0.9100000262260437,0.49780237674713135,0,0.5,-0.00212519057095057,1.6390004843325006,0.0
0.9700000286102295,0.4989754259586334,0,0.5,-0.0015211481368169806,1.6431396446049737,31.79282488215706
0.9700000286102295,0.4990707337856293,0,0.5,-0.0039262888021767755,1.651604937610002,0.0
1.0199999809265137,0.49865031242370605,0,0.5,-0.003488269168883624,1.6826629295352973,27.78029125247676
1.0199999809265137,0.49922436475753784,0,0.5,-0.002645006636157694,1.7143054315627972,0.0
1.0499999523162842,0.5005890727043152,0,0.5,-0.0018295511836186676,1.746054118291889,17.283880188046638
1.0499999523162842,0.4969005584716797,0,0.5,-0.0017143698642030976,1.7617417036059633,0.0
1.1100000143051147,0.49632275104522705,0,0.43929428393583847,-0.00017817562911665656,1.7803383886084736,31.9447732590683
1.1100000143051147,0.49907374382019043,0,0.44584927215544057,0.0014852201566099498,1.7530494477130985,0.0
1.1399999856948853,0.4983229339122772,0,0.40823118047710216,0.0011291953269391632,1.7112482577537411,17.12811862080727
1.1399999856948853,0.4679601192474365,0,0.4114976614177177,-0.0021688349079341286,1.6598828306093218,0.0
1.190000057220459,0.4480436444282532,0,0.3489371325753623,-0.002635203069075999,1.6538998826720244,27.584532741561045
1.190000057220459,0.43488168716430664,0,0.3543983354690484,-0.003418416716158445,1.6586911613368691,0.0
1.2599999904632568,0.4073309600353241,0,0.26679981815967474,-0.005796961020678334,1.6653337194184015,36.27868718907239
1.2599999904632568,0.3951742351055145,0,0.27444373576362124,-0.007246237248182347,1.7202028104376315,0.0
1.2899999618530273,0.3555787205696106,0,0.23680551226998267,-0.007437489926815079,1.7549216409148787,17.135383331851298
1.2899999618530273,0.3413517475128174,0,0.24006947673368564,-0.008111562579870267,1.8035446002738122,0.0
1.3300000429153442,0.2807381749153137,0,0.19000862141078725,-0.008360198698937931,1.8405389202638391,22.42687890604229
1.3300000429153442,0.2576356530189514,0,0.19437603602760287,-0.008099745027720961,1.8829647630232422,0.0
1.3899999856948853,0.23815500736236572,0,0.11929703311367984,-0.008781564421951804,1.909375277196172,31.620233409217192
1.3899999856948853,0.22899001836776733,0,0.12584964255025505,-0.00915947649627927,1.9123232329611077,0.0
0.3799999952316284,-0.2667229473590851,0,0.5,0.01316183060407642,1.6352057796850186,40.525175966444365
0.3799999952316284,-0.2599433958530426,0,0.5,0.012480854988098177,1.6338087295159274,0.0
0.36000001430511475,-0.24688757956027985,0,0.5,0.012033210135996371,1.6286176259072338,22.412640758314172
0.36000001430511475,-0.19706733524799347,0,0.5,0.012165063060820127,1.6224538595470148,0.0
0.3400000035762787,0.10782957822084427,0,0.5,0.01827942393720149,1.5616289113520316,24.11676899979403
0.3400000035762787,0.30118080973625183,0,0.5,0.02132407575845715,1.454955167544038,0.0
0.3400000035762787,0.46032917499542236,0,0.5,0.02179698087275023,1.3417383214999141,0.0
0.33000001311302185,0.5510625839233398,0,0.5,0.01784684136509889,1.2219674797597364,14.3890632388801
0.33000001311302185,0.5359826683998108,0,0.5,0.015647538006305632,1.209469768741133,0.0
0.3499999940395355,0.5025291442871094,0,0.5,0.008825805038213673,1.2689901588677797,26.927487159464384
0.3499999940395355,0.4996313750743866,0,0.5,0.005692145321518124,1.3353633048198343,0.0
0.4099999964237213,0.5025792717933655,0,0.5,0.003784139407798589,1.468007500799609,58.30579443634398
0.4099999964237213,0.5018884539604187,0,0.5,0.0034582023508846166,1.5459817386524672,0.0
0.44999998807907104,0.5009394884109497,0,0.5,0.003771374467760265,1.6467204823992738,48.52513564309116
0.44999998807907104,0.4995475113391876,0,0.5,0.005620245821773946,1.6756972321595156,0.0
0.47999998927116394,0.49660325050354004,0,0.5,0.0062325606122612355,1.6762924673637056,42.09610903360464
0.47999998927116394,0.4959554076194763,0,0.5,0.007554255425929963,1.6539292272870119,0.0
0.5,0.49606749415397644,0,0.5,0.008708439767360628,1.6038440559252378,32.07448079313142
0.5,0.4971608519554138,0,0.5,0.008622654713690222,1.5528575252127568,0.0
0.5699999928474426,0.49703532457351685,0,0.5,0.007353491149842679,1.5004692736704324,66.12818452298787
0.5699999928474426,0.49819430708885193,0,0.5,0.0063871503807603714,1.4652828887153442,0.0
0.6200000047683716,0.4988934099674225,0,0.5,0.0044877929612993596,1.4198435819230533,57.84905022948752
0.6200000047683716,0.498338907957077,0,0.5,0.002273255027830541,1.418254551845548,0.0
0.6600000262260437,0.5001315474510193,0,0.5,0.000762709765694975,1.4706551107809451,50.988261833711604
0.6600000262260437,0.49917536973953247,0,0.5,0.003107142634689747,1.5152551887155208,0.0
0.7099999785423279,0.4990650713443756,0,0.5,0.0018841200508176673,1.5766151583431256,57.319323872874456
0.7099999785423279,0.4986411929130554,0,0.5,0.002529371762648164,1.6310831440963438,0.0
0.75,0.495256245136261,0,0.5,0.004581166896969019,1.6783597636002758,52.48255435218333
0.75,0.4968195855617523,0,0.5,0.005180954467505156,1.700657393941954,0.0
0.7900000214576721,0.4967748820781708,0,0.5,0.005617184564471184,1.6977455914083732,51.86946038488696
0.7900000214576721,0.4969630539417267,0,0.5,0.005916358903050362,1.6783034799662062,0.0
0.8399999737739563,0.4993939995765686,0,0.5,0.007827690802514492,1.6302524398173113,57.70534121191062
0.8399999737739563,0.49899086356163025,0,0.5,0.007699438370764194,1.5650792624765564,0.0
0.8500000238418579,0.501063883304596,0,0.5,0.006384971085935769,1.5497197931888964,17.963395977635855
0.8500000238418579,0.5003587603569031,0,0.5,0.007387552876025376,1.540184281904407,0.0
0.9399999976158142,0.4962269067764282,0,0.5,0.00848273653537029,1.5383248416277924,71.04696200719819
0.9399999976158142,0.492461234331131,0,0.5,0.009269428439438282,1.541400407567238,0.0
0.9399999976158142,0.4934508800506592,0,0.5,0.008662289008498131,1.5659276112825828,0.0
0.9399999976158142,0.49538084864616394,0,0.5,0.010397764854133068,1.5762540511650387,0.0
1.0,0.49777868390083313,0,0.5,0.011841065250337063,1.5840180331750504,62.79905935255013
1.0,0.49674907326698303,0,0.5,0.013743307441472946,1.5336915184179027,0.0
1.0499999523162842,0.4973318874835968,0,0.5,0.011290348134934841,1.4940320179551725,58.50004731785883
1.0499999523162842,0.4968956410884857,0,0.5,0.010361654683947502,1.4428615506236862,0.0
1.1100000143051147,0.4957267940044403,0,0.4392999038501279,0.009098174981772839,1.4131099385389603,63.929906878801305
1.1100000143051147,0.4967125654220581,0,0.4458499746447267,0.010023945942521035,1.3784589421851987,0.0
1.159999966621399,0.4989852011203766,0,0.38323129213012086,0.008193866349756657,1.3541357987023537,59.991808390295645
1.159999966621399,0.48407047986984253,0,0.3886851941498081,0.006673772819340171,1.3466540735325212,0.0
1.2200000286102295,0.4454202950000763,0,0.31358560516128886,0.0012290698941796472,1.3633982992709324,63.307246727659624
1.2200000286102295,0.43539750576019287,0,0.3201356730035071,-0.00011099498078698058,1.395692917294301,0.0
1.2599999904632568,0.39250263571739197,0,0.27001697819892473,-0.0039035079535097374,1.4466325666463373,52.63424274906572
1.2599999904632568,0.37521272897720337,0,0.2743771312155623,-0.006615449208766269,1.5212559655867428,0.0
1.2999999523162842,0.32466113567352295,0,0.22429719862240427,-0.008640404790639917,1.564535786776269,51.78117386127281
1.2999999523162842,0.30497926473617554,0,0.2286621969154699,-0.009443898685276546,1.6041181288858661,0.0
1.3300000429153442,0.27102240920066833,0,0.19108270904932448,-0.006650524213910137,1.6455650390091674,0.0
1.3300000429153442,0.2535983622074127,0,0.19435404713143165,-0.0065785013139248215,1.6535103967106783,41.38055522641941
1.3300000429153442,0.23420491814613342,0,0.1942942129760847,-0.006684147752821475,1.6477042302226885,0.0
1.3799999952316284,0.20866429805755615,0,0.13178679331131113,-0.0058139082975685865,1.6329516222954783,55.0281940251708
1.399999976158142,0.19619344174861908,0,0.11225462702908533,-0.009341893717646625,1.6267521396270521,29.223260595521896
1.399999976158142,0.19540347158908844,0,0.11434435192247035,-0.009331394918262983,1.6190567140777496,0.0
1.399999976158142,0.1907505989074707,0,0.11429306783216671,-0.009563062340021156,1.634628665118412,0.0
0.38999998569488525,-0.2901653051376343,0,0.5,0.004050636198371688,1.5942348625543792,29.381564008704604
0.38999998569488525,-0.2702248692512512,0,0.5,0.003992182668298519,1.587055456506347,0.0
0.3400000035762787,-0.27079400420188904,0,0.5,0.00435186922550205,1.5978341497343456,28.464743620429555
0.3400000035762787,-0.16671410202980042,0,0.5,0.009114154614508175,1.6380185861008274,0.0
0.3100000023841858,0.0010547172278165832,0,0.5,0.0127911139279604,1.6310214900789726,18.320262811250238
0.3100000023841858,0.3652178645133972,0,0.5,0.021338051185011822,1.5305619219354691,0.0
0.3199999928474426,0.4831194579601288,0,0.5,0.022981239482760374,1.449894694676237,6.462555369682433
0.3199999928474426,0.5463863611221313,0,0.5,0.022031269967555937,1.309899369709805,0.0
0.3400000035762787,0.5256773233413696,0,0.5,0.01861450262367719,1.2567491120503598,12.943987017492244
0.3400000035762787,0.5010775923728943,0,0.5,0.014249911531805933,1.270536301870891,0.0
0.4099999964237213,0.4989413321018219,0,0.5,0.011761891655623854,1.299871965590796,39.79095545816746
0.4099999964237213,0.49998605251312256,0,0.5,0.01212627999484533,1.3645489322874613,0.0
0.44999998807907104,0.49953529238700867,0,0.5,0.012015399523079335,1.4283059479349984,25.418661182908078
0.44999998807907104,0.4983898401260376,0,0.5,0.011688731610774933,1.4877888261269123,0.0
0.5,0.4986818730831146,0,0.5,0.011381184682249962,1.500915475947036,31.046397536475517
0.5,0.5009175539016724,0,0.5,0.011492170393466887,1.5149091494963063,0.0
0.5099999904632568,0.49901703000068665,0,0.5,0.013130318373441634,1.5263378225295048,6.785724952216549
0.5099999904632568,0.4996265172958374,0,0.5,0.013469216413795886,1.5283905414991588,0.0
0.5799999833106995,0.5005043148994446,0,0.5,0.013030147179961142,1.4981420634894502,39.58276314682734
0.5799999833106995,0.5014506578445435,0,0.5,0.013456824235618052,1.4597635024382707,0.0
0.6200000047683716,0.4989270269870758,0,0.5,0.012867628596723017,1.4408127368084087,25.40351198354427
0.6200000047683716,0.4980755150318146,0,0.5,0.011393668130040106,1.4321251591830113,0.0
0.6600000262260437,0.49828124046325684,0,0.5,0.011133830063044962,1.4223126900068102,25.452657321725457
0.6600000262260437,0.49965259432792664,0,0.5,0.008360439911484656,1.4153166304829228,0.0
0.699999988079071,0.4990259110927582,0,0.5,0.006640177220106062,1.4208064859200997,25.157742429808746
0.699999988079071,0.4972855746746063,0,0.5,0.005896176211535869,1.4174843253098584,0.0
0.7599999904632568,0.49772927165031433,0,0.5,0.0042537311092018465,1.4206128321523956,34.79514752508596
0.7599999904632568,0.49872711300849915,0,0.5,0.0025707727763801197,1.4412152612313698,0.0
0.8100000023841858,0.4991960823535919,0,0.5,0.0011524569708853346,1.452713123721104,30.021157720137175
0.8100000023841858,0.5007134675979614,0,0.5,0.0007261263672261814,1.4671369558889178,0.0
0.8799999952316284,0.49886393547058105,0,0.5,-0.0008904449641705171,1.506550438014884,38.697443623335346
0.8799999952316284,0.4984431862831116,0,0.5,-0.002304026391357244,1.5430179304728044,0.0
0.8999999761581421,0.49919599294662476,0,0.5,-0.0007217464735732089,1.5710890014268677,12.745969942759046
0.8999999761581421,0.49996116757392883,0,0.5,-0.0010365947382525215,1.554535691978936,0.0
0.9599999785423279,0.5016010403633118,0,0.5,0.0018898678245022286,1.510529203090381,33.89638729847574
0.9599999785423279,0.5035439729690552,0,0.5,0.0019546803086995467,1.4816100377246255,0.0
1.0399999618530273,0.5004597902297974,0,0.5,0.0007687100442125779,1.46158042810935,41.900263844306956
1.0399999618530273,0.4989476799964905,0,0.5,0.001068743411451517,1.4550851387018273,0.0
1.059999942779541,0.5002123713493347,0,0.5,0.0008423083345405146,1.463918405555454,12.693070043364184
1.059999942779541,0.501236081123352,0,0.5,0.0002903515996876493,1.4666161239764288,0.0
1.149999976158142,0.5029959678649902,0,0.390363099762412,-0.0004338098224253078,1.4706154818648611,45.353846759242394
1.149999976158142,0.5024416446685791,0,0.40020166183370004,-0.0009665962425061186,1.4763948994917795,0.0
1.1799999475479126,0.49945202469825745,0,0.36252526733385726,-0.001915279775857987,1.4964625300434014,18.5978995409729
1.1799999475479126,0.4780406951904297,0,0.3657844604217847,-0.00251921429298824,1.5141877989164312,0.0
1.2300000190734863,0.4019901156425476,0,0.30322302059784334,-0.004595899023115685,1.5827063236575545,29.597375282534728
1.2300000190734863,0.37591105699539185,0,0.3086841096188312,-0.004842783324420498,1.6227516322303444,0.0
1.2699999809265137,0.3637376129627228,0,0.2585855423125834,-0.0039028115570545648,1.6617243337761272,24.365131671854822
1.2699999809265137,0.3403949737548828,0,0.2629482112665128,-0.004146003164351029,1.6760090258442135,0.0
1.3200000524520874,0.30854853987693787,0,0.20036845607483328,-0.004247409291565456,1.6912204921162373,29.12160268994673
1.3200000524520874,0.28652483224868774,0,0.20582725567485385,-0.0038554954808205717,1.692061373374092,0.0
1.3600000143051147,0.26347705721855164,0,0.15572840219098516,-0.0025430063251406275,1.7046999712765776,24.047227378506214
1.3600000143051147,0.23983897268772125,0,0.16009103537271197,-0.0022191880270839037,1.6970605977978739,0.0
1.3799999952316284,0.20412442088127136,0,0.13501138895833215,-0.0039202822372317574,1.6829825755061287,12.697766046567555
1.3799999952316284,0.18938009440898895,0,0.13718892809013988,-0.004451376385986829,1.667641839445534,0.0
1.3899999856948853,0.16186831891536713,0,0.12464863270056803,-0.008480036631226559,1.6717049337309937,6.2972730743079035
1.3899999856948853,0.15239723026752472,0,0.12573734324367414,-0.009747263975441475,1.678182809410752,0.0
0.38999998569488525,-0.3717755079269409,0,0.5,-0.00250045233406122,1.72891162671526,29.79087400970893
0.38999998569488525,-0.3577800393104553,0,0.5,-0.0017404210520907805,1.751534956806299,0.0
0.38999998569488525,-0.3161827325820923,0,0.5,-0.0019565657712518783,1.7626231908002485,0.0
0.3700000047683716,-0.2731742262840271,0,0.5,-0.0003821373102254827,1.7444690637982325,10.681110058360277
0.3700000047683716,-0.014041563495993614,0,0.5,0.006822476163506511,1.6630841500442943,0.0
0.33000001311302185,0.11872610449790955,0,0.5,0.009408415295183646,1.5866481492737712,20.94089175964574
0.33000001311302185,0.45101234316825867,0,0.5,0.016214458271861024,1.4503061858677293,0.0
0.3499999940395355,0.5530506372451782,0,0.5,0.01688739843666547,1.3581307642759042,10.845536984769405
0.3499999940395355,0.5400293469429016,0,0.5,0.014212165027856764,1.2665066046837603,0.0
0.38999998569488525,0.5175821781158447,0,0.5,0.010864242911338744,1.2640612753249914,22.008128961633314
0.38999998569488525,0.49958983063697815,0,0.5,0.007547967601567446,1.3096739393466243,0.0
0.4699999988079071,0.4995318055152893,0,0.5,0.00491071306169027,1.3541476222441302,40.14519125481007
0.4699999988079071,0.5014362335205078,0,0.5,0.00224762805737549,1.4168962385074455,0.0
0.4699999988079071,0.5027398467063904,0,0.5,0.0018687022384255522,1.5272595411367624,0.0
0.4699999988079071,0.4990275502204895,0,0.5,0.0014048006851225489,1.6365564713416965,0.0
0.5199999809265137,0.49642157554626465,0,0.5,0.002710034605115592,1.6964839023720606,28.420837361405642
0.5199999809265137,0.49796023964881897,0,0.5,0.0059811295941471455,1.745901220910367,0.0
0.5799999833106995,0.497085303068161,0,0.5,0.007911919616162718,1.739775821552143,33.56587422496679
0.5799999833106995,0.4975634217262268,0,0.5,0.009100135415792406,1.7058771681209164,0.0
0.6399999856948853,0.5010521411895752,0,0.5,0.009128925390541495,1.673567287407357,33.59491887645707
0.6399999856948853,0.49946755170822144,0,0.5,0.009668479673564373,1.6342786600043613,0.0
0.6899999976158142,0.49900946021080017,0,0.5,0.007587217725813329,1.5650335965326387,29.234927298622473
0.6899999976158142,0.4982568621635437,0,0.5,0.005791280884295642,1.5299947923826531,0.0
0.75,0.49822184443473816,0,0.5,0.006255096755921781,1.492849790754546,34.286999894767035
0.75,0.4995576739311218,0,0.5,0.005337389651685892,1.4922067458862491,0.0
0.7900000214576721,0.49989357590675354,0,0.5,0.004623744171112715,1.5239589768606983,24.295161773673186
0.7900000214576721,0.49891501665115356,0,0.5,0.0029822592623531216,1.529309603731874,0.0
0.8399999737739563,0.5002371668815613,0,0.5,0.000905578781384914,1.5776386789976915,29.568584399220505
0.8399999737739563,0.5007343292236328,0,0.5,-0.0011801958316937696,1.62553188549058,0.0
0.8899999856948853,0.49891895055770874,0,0.5,-0.002331290394067825,1.6463174791825341,29.66712547052589
0.8899999856948853,0.4980030655860901,0,0.5,-0.0022676875814796106,1.686602760881438,0.0
0.9599999785423279,0.4987763464450836,0,0.5,-0.0006833474035375431,1.7018567463570227,38.200251061551015
0.9599999785423279,0.5019223093986511,0,0.5,-0.0019173432374373683,1.7111667299462372,0.0
0.9800000190734863,0.501895010471344,0,0.5,-0.0023430576547980916,1.7240016874034536,12.871616623039444
0.9800000190734863,0.5021152496337891,0,0.5,-0.0024853656068444855,1.727157355906128,0.0
1.0399999618530273,0.5006575584411621,0,0.5,-0.002834880258888066,1.752534260526613,34.08828452947291
1.0399999618530273,0.49770745635032654,0,0.5,-0.0015293181641027928,1.7758870847059438,0.0
1.1200000047683716,0.49779751896858215,0,0.4257311087377974,1.4726028894014501e-05,1.795897638202763,41.96615597455098
1.1200000047683716,0.4999384582042694,0,0.43446638449440533,0.0018796134972944257,1.7983259331971158,0.0
1.1799999475479126,0.49813351035118103,0,0.3593083648190028,0.004120500758290231,1.7886290590140597,33.76851304899687
1.1799999475479126,0.4949587285518646,0,0.3658510971603931,0.004257898312061965,1.7337804702438318,0.0
1.2300000190734863,0.4452798068523407,0,0.3032313501901694,0.0025714540388434588,1.7115258384414005,29.357557155077945
1.2300000190734863,0.4226107597351074,0,0.30868515081787196,0.0011130379280074923,1.6625094136115102,0.0
1.2899999618530273,0.3712179660797119,0,0.23358569630432138,-0.004355673678219363,1.6510479230477153,34.282286999483766
1.2899999618530273,0.35503992438316345,0,0.24013574929094317,-0.005661963019520087,1.6567005412425175,0.0
1.3300000429153442,0.31620633602142334,0,0.19001690548044442,-0.006690107751637735,1.6985743712765626,23.86318356167282
1.3300000429153442,0.2940390706062317,0,0.19437707153631,-0.007291022222489155,1.7562757743157449,0.0
1.3700000047683716,0.24666187167167664,0,0.14429713871041033,-0.007741768378764421,1.8166341710911673,24.062453572493435
1.3700000047683716,0.2297194004058838,0,0.14866213697438327,-0.0066427085548639575,1.8776062765282722,0.0
1.3899999856948853,0.19686609506607056,0,0.12358278619528423,-0.00520680565387013,1.8999561452632296,12.720964338431282
1.3899999856948853,0.17753814160823822,0,0.12576036228150206,-0.005778648890554926,1.9328256818132767,0.0
0.38999998569488525,-0.32412225008010864,0,0.5,0.006535843014717141,1.9183608750065029,46.6731671609295
0.38999998569488525,-0.2945919930934906,0,0.5,0.00843272358179096,1.8951838539201802,0.0
0.3700000047683716,-0.27706941962242126,0,0.5,0.010103429667651688,1.8743287281485954,25.439194746351802
0.3700000047683716,-0.178237646818161,0,0.5,0.013962225057184719,1.8469344682460755,0.0
0.33000001311302185,-0.012345213443040846,0,0.5,0.018292976543307304,1.7900336134700263,46.206021990768065
0.33000001311302185,0.3204350769519806,0,0.5,0.027094334363937343,1.678792894071663,0.0
0.3199999928474426,0.4770622253417969,0,0.5,0.0302172321826219,1.5574730798811525,15.640625831861028
0.3199999928474426,0.563717246055603,0,0.5,0.028081940487027102,1.405239705407743,0.0
0.36000001430511475,0.5426786541938782,0,0.5,0.02417069487273687,1.3488151946155247,51.95762680532871
0.36000001430511475,0.5104528665542603,0,0.5,0.016329046338796553,1.3505953629302139,0.0
0.38999998569488525,0.5059664845466614,0,0.5,0.014987247064709603,1.4029555711361914,49.715326523931054
0.38999998569488525,0.5048993229866028,0,0.5,0.01343869324773544,1.4748473185276973,0.0
0.4099999964237213,0.5026662945747375,0,0.5,0.010033724829554497,1.5167587053704004,39.418789856538126
0.4099999964237213,0.5005128383636475,0,0.5,0.010528868064284266,1.5544866645207704,0.0
0.4699999988079071,0.5001881718635559,0,0.5,0.007578504271805226,1.5666312510704818,68.85394364534278
0.4699999988079071,0.5024502873420715,0,0.5,0.006506694015115439,1.6089677492421335,0.0
0.5099999904632568,0.5031980872154236,0,0.5,0.0052883736789225925,1.6498048977625983,61.489340326008524
0.5099999904632568,0.5015552639961243,0,0.5,0.0029479521326720103,1.6938921994982867,0.0
0.5199999809265137,0.5019140243530273,0,0.5,0.0038869082927703246,1.7198896371855517,25.83705559951553
0.5199999809265137,0.5015121102333069,0,0.5,0.004795381333678899,1.7356749594411098,0.0
0.5600000023841858,0.504450798034668,0,0.5,0.00815636012703174,1.7434065881299516,63.986361910241534
0.5600000023841858,0.5023351907730103,0,0.5,0.00782690942287439,1.7324999925732372,0.0
0.5799999833106995,0.5053130984306335,0,0.5,0.003381837392225799,1.728554443263501,48.817500311274785
0.5799999833106995,0.5050352811813354,0,0.5,0.0032908311113714543,1.726373565514613,0.0
0.6399999856948853,0.5034427046775818,0,0.5,0.005340085364878116,1.7217983989235819,75.2494042998616
0.6399999856948853,0.5015950798988342,0,0.5,0.006616395898163257,1.7290016569673325,0.0
0.6600000262260437,0.49965164065361023,0,0.5,0.004270819947123467,1.7099234257438884,47.74017711682769
0.6600000262260437,0.5005835890769958,0,0.5,0.004098211415111958,1.6993210488359076,0.0
0.699999988079071,0.49868449568748474,0,0.5,0.003818548517301619,1.6795256176536923,63.53041896097473
0.699999988079071,0.49811267852783203,0,0.5,0.0036895310040562746,1.6575189879869543,0.0
0.75,0.5009721517562866,0,0.5,0.002206495963036954,1.6295253076072258,69.26310966311821
0.75,0.49865958094596863,0,0.5,0.0014059429522603152,1.61468369234367,0.0
0.7799999713897705,0.49701616168022156,0,0.5,-0.001481037470512152,1.6183920495222002,55.65118250976746
0.7799999713897705,0.4985220730304718,0,0.5,-0.0021323368418962366,1.6252780019101478,0.0
0.7799999713897705,0.49769020080566406,0,0.5,-0.002599403494969071,1.652786337986188,0.0
0.8399999737739563,0.4984571635723114,0,0.5,-0.0027045165188611152,1.722822689570927,70.65147490499038
0.8500000238418579,0.4968709647655487,0,0.5,-0.00016615414642734855,1.739155003716123,0.0
0.8500000238418579,0.49887943267822266,0,0.5,-0.0025573719758540995,1.7403692728332534,24.947462901095943
0.8500000238418579,0.5016456246376038,0,0.5,-0.0024107052013278615,1.7348394684803312,0.0
0.8799999952316284,0.49951493740081787,0,0.5,-0.0029143153224141013,1.736542019007052,54.862812766666
0.8799999952316284,0.4971790313720703,0,0.5,-0.0035060124937445532,1.7146654956660257,0.0
0.9100000262260437,0.49638405442237854,0,0.5,-0.005066022742539705,1.690289424043955,53.84676604607364
0.9100000262260437,0.4967055916786194,0,0.5,-0.004077506717294514,1.6554398721003782,0.0
0.9700000286102295,0.49957096576690674,0,0.5,-0.00263517932035035,1.6596316600909686,71.17178719764703
0.9700000286102295,0.5003682374954224,0,0.5,-0.0016710889758542785,1.6842233514102272,0.0
1.0199999809265137,0.49976661801338196,0,0.5,-0.0027817692607641823,1.7075902792796758,64.97899831405299
1.0199999809265137,0.4987301528453827,0,0.5,-0.003971521276980698,1.7229182416411073,0.0
1.059999942779541,0.49765250086784363,0,0.49858571258777584,-0.004264121875166953,1.749186625497578,57.61211528319459
1.059999942779541,0.49522459506988525,0,0.5,-0.004053761716932117,1.7684616025377353,0.0
1.1100000143051147,0.4966067969799042,0,0.4403685016507274,-0.004529262892901956,1.781605510347656,63.430331754333395
1.1100000143051147,0.4972800314426422,0,0.4458272995188133,-0.004363439977169097,1.8063756166228897,0.0
1.1299999952316284,0.49820396304130554,0,0.4207284219765948,-0.002352809999138177,1.828225967611716,37.772347726087794
1.1299999952316284,0.465884804725647,0,0.42290355721742273,0.0016150679439305693,1.8350828642272756,0.0
1.1799999475479126,0.4436130225658417,0,0.3603630090251942,0.0024231821298598705,1.8306921023703158,63.92113338103382
1.1799999475479126,0.4360722005367279,0,0.36582667783517864,0.002988159889355249,1.8023844804596465,0.0
1.2599999904632568,0.41904014348983765,0,0.2657283335373044,0.003647087607532689,1.8012202823540466,73.44670089658177
1.2599999904632568,0.4129830300807953,0,0.2744660518994585,0.003152980934828469,1.7971097701185206,0.0
1.2699999809265137,0.37001585960388184,0,0.2618082779451044,0.002000387758016541,1.7900422714325275,23.682063396039368
1.2699999809265137,0.3439514636993408,0,0.2628823036676128,0.0027770276647060693,1.7844926775057304,0.0
1.3300000429153442,0.279622346162796,0,0.1878602295458997,0.0018893962260335346,1.804688274633816,69.42117545675963
1.3300000429153442,0.27008265256881714,0,0.1944199867464687,0.002557596424594489,1.8401376766143624,0.0
1.3600000143051147,0.2617199122905731,0,0.1568024911907512,0.005691257305443256,1.834066054571663,54.12347755000451
1.3600000143051147,0.25306349992752075,0,0.16006904664669433,0.00438162637874481,1.794126863938866,0.0
1.3799999952316284,0.19920732080936432,0,0.13500864036757995,0.003804615000262833,1.712935337386059,41.81629005273988
1.3799999952316284,0.1883564293384552,0,0.13718858451629584,0.00310983578674493,1.6785821463745008,0.0
1.399999976158142,0.16349533200263977,0,0.13714857783290857,0.0013248239411040948,1.6574022512872884,0.0
1.399999976158142,0.15142901241779327,0,0.11214360083934306,-4.6537476009707e-05,1.6348314854402413,42.43266285620097
1.409999966621399,0.1371469646692276,0,0.10183048556968152,-0.0028688439633697436,1.6292774533983014,0.0
0.38999998569488525,-0.3199118375778198,0,0.5,0.007475556340068619,1.6271024218467844,35.946577282459884
0.38999998569488525,-0.29489612579345703,0,0.5,0.008511328138411083,1.5709288551928038,0.0
0.38999998569488525,-0.24329037964344025,0,0.5,0.006894690450280935,1.5515632288204295,0.0
0.38999998569488525,-0.21170075237751007,0,0.5,0.00764107936993244,1.5612263624076328,0.0
0.3400000035762787,-0.13505637645721436,0,0.5,0.009342781268060225,1.566060785017845,48.42119419783433
0.3400000035762787,0.21691659092903137,0,0.5,0.018335178494453402,1.4976182046229802,0.0
0.3199999928474426,0.5185585618019104,0,0.5,0.022438518702983797,1.3779432554356237,24.170471225347715
0.3199999928474426,0.5555466413497925,0,0.5,0.022757533937692576,1.259482648965002,0.0
0.33000001311302185,0.5522381067276001,0,0.5,0.02074254862964147,1.2310539098729434,13.360698242927656
0.33000001311302185,0.5148504376411438,0,0.5,0.01608956418931478,1.2386252343768973,0.0
0.38999998569488525,0.4992794692516327,0,0.5,0.01149034406989807,1.2586941371629894,57.34376032901731
0.38999998569488525,0.4977620840072632,0,0.5,0.010926581919193207,1.3004709510448873,0.0
0.38999998569488525,0.5004562735557556,0,0.5,0.007475921884179055,1.3340405027255622,0.0
0.38999998569488525,0.49934205412864685,0,0.5,0.006980398669838845,1.3789911241950201,0.0
0.4399999976158142,0.4998396337032318,0,0.5,0.0043076681904494155,1.402216965642391,51.13676046456948
0.4399999976158142,0.5011194348335266,0,0.5,0.002928088651969968,1.4256026712949652,0.0
0.47999998927116394,0.5011107325553894,0,0.5,0.001601533498614966,1.4613872060360924,42.20222342972674
0.47999998927116394,0.500269889831543,0,0.5,3.399647539475474e-05,1.486421181840084,0.0
0.5199999809265137,0.4995516240596771,0,0.5,-0.0008961423300207265,1.5075435986931733,41.07818625913408
0.5199999809265137,0.5004192590713501,0,0.5,-0.002008882351219715,1.5555977494330377,0.0
0.5699999928474426,0.500835657119751,0,0.5,-0.0017808597767726198,1.6099511485970988,45.457004037324324
0.5699999928474426,0.5008904933929443,0,0.5,-0.0020646410994232312,1.704385436346862,0.0
0.5799999833106995,0.49701395630836487,0,0.5,0.0009229056304320083,1.7431900013390336,10.475386153912003
0.5799999833106995,0.49946027994155884,0,0.5,0.0033639597240834812,1.744506188057048,0.0
0.6399999856948853,0.5003944635391235,0,0.5,0.0074204304255544515,1.704559000248275,48.49353237531849
0.6399999856948853,0.4982863664627075,0,0.5,0.009620805270969807,1.6471054003304664,0.0
0.6399999856948853,0.49860119819641113,0,0.5,0.010647054761648117,1.5892950950819087,0.0
0.7099999785423279,0.4965302646160126,0,0.5,0.008287660777568756,1.5076411218047374,51.853093339401426
0.7099999785423279,0.4985963702201843,0,0.5,0.007502058520913064,1.4799944184736549,0.0
0.7099999785423279,0.49822381138801575,0,0.5,0.005360371433198392,1.4415140207775792,0.0
0.7099999785423279,0.49829721450805664,0,0.5,0.004676164593547523,1.428368746332121,0.0
0.7699999809265137,0.5015333890914917,0,0.5,0.005447464063763557,1.4251882797535629,45.270047454903775
0.7699999809265137,0.5018018484115601,0,0.5,0.006660779006779132,1.440251967327872,0.0
0.8199999928474426,0.4983637034893036,0,0.5,0.006768580060452162,1.4398286175775825,39.80770766111854
0.8199999928474426,0.49975907802581787,0,0.5,0.00675019435584539,1.4438073747158668,0.0
0.8500000238418579,0.500106155872345,0,0.5,0.007823183201253353,1.449758865115017,26.294211647035617
0.8500000238418579,0.5020791292190552,0,0.5,0.007662582676857648,1.449259102515773,0.0
0.9100000262260437,0.4996532201766968,0,0.5,0.00857236236333841,1.448494188228258,44.221642851602255
0.9100000262260437,0.4981164038181305,0,0.5,0.004168676678091227,1.4544759717351003,0.0
0.9300000071525574,0.4968104958534241,0,0.5,0.002794486936181723,1.4417268760141406,17.741520310913565
0.9300000071525574,0.49739524722099304,0,0.5,0.004960892256349265,1.4381743903158895,0.0
0.9700000286102295,0.49973562359809875,0,0.5,0.006639183033257662,1.3998910962771975,32.30380250759643
0.9700000286102295,0.4997830092906952,0,0.5,0.005972789600491462,1.3719687979488149,0.0
1.0199999809265137,0.5007707476615906,0,0.5,0.004231728613376556,1.3486277917010852,37.65963048872161
1.0199999809265137,0.49732738733291626,0,0.5,0.0025652549229561675,1.3519888307291108,0.0
1.0399999618530273,0.4978290796279907,0,0.5,0.0017092019552364334,1.3624051965451063,16.99014265130777
1.0399999618530273,0.49705660343170166,0,0.5,0.0013809460215269908,1.3816421597034398,0.0
1.0700000524520874,0.49956732988357544,0,0.48822001714339325,0.0027033374644815306,1.389937215186737,24.371574735698395
1.0700000524520874,0.4995865821838379,0,0.4914962011064471,0.00315411528572434,1.3935812594730252,0.0
1.1200000047683716,0.4990011155605316,0,0.4289370322908633,0.004418173804879128,1.3826120521315417,36.70002637058335
1.1200000047683716,0.4965067207813263,0,0.43439837352292826,0.004838650114834247,1.3951913376316787,0.0
1.1799999475479126,0.48828840255737305,0,0.3592998634475682,0.006307234056293904,1.4181418799782464,41.465421439833655
1.1799999475479126,0.4796801209449768,0,0.36585003448896375,0.0077730868943035,1.425032812396444,0.0
1.190000057220459,0.4378868341445923,0,0.3532311696725249,0.006012698169797604,1.4351161790959468,8.437478565809425
1.190000057220459,0.41449180245399475,0,0.3543100907022402,0.005916343070566602,1.4500926887060157,0.0
1.190000057220459,0.3785095512866974,0,0.35428870411732105,0.006177856121212196,1.4634391011626313,0.0
1.2599999904632568,0.3537999987602234,0,0.26678611424070886,0.005967384669929698,1.4474277496840566,45.85880960259626
1.2599999904632568,0.3500751852989197,0,0.2744420227737505,0.005864706356078342,1.408751485349575,0.0
1.309999942779541,0.35181915760040283,0,0.21180532198810675,0.0065095918253063705,1.3632502323225628,36.32684600975118
1.309999942779541,0.3456956744194031,0,0.21725697172391428,0.006375378929078535,1.344762361574513,0.0
1.3300000429153442,0.2850760817527771,0,0.19215705351619425,0.0032594436779617895,1.363803947967229,16.214597772242655
1.3300000429153442,0.26855960488319397,0,0.19433209033880197,0.002180211013182963,1.368031832826172,0.0
1.350000023841858,0.22135785222053528,0,0.16929149221886391,0.00167640787549314,1.3758830126121346,16.025629048432496
1.350000023841858,0.21011017262935638,0,0.17147391238747686,0.001364423893392059,1.389371609692323,0.0
1.3799999952316284,0.19306114315986633,0,0.13393425096936357,0.0029209665954112755,1.383631432035039,22.990870842155125
1.3799999952316284,0.1894286572933197,0,0.13721053569250719,0.0026195610407739635,1.382270986990793,0.0
0.3700000047683716,-0.28695324063301086,0,0.5,-0.0004892173456027745,1.7999916972004775,12.711520688555185
0.3700000047683716,-0.2681134343147278,0,0.5,-0.0008372831507585607,1.7799987511251758,0.0
0.3499999940395355,-0.23411893844604492,0,0.5,-0.001290924963541299,1.8099027596126431,6.170752324149283
0.3499999940395355,-0.2092559039592743,0,0.5,-0.0006184421945363012,1.849410926346109,0.0
0.3499999940395355,-0.08014111965894699,0,0.5,0.0020531646441668393,1.8619652981329848,0.0
0.3100000023841858,0.2803371846675873,0,0.5,0.013618944212794273,1.8304185608844832,12.343414916480027
0.3100000023841858,0.42682725191116333,0,0.5,0.018277145922183942,1.7409243399985572,0.0
0.3100000023841858,0.5658944845199585,0,0.5,0.018783345818519526,1.5884818041209783,0.0
0.3100000023841858,0.5491323471069336,0,0.5,0.015872415155172286,1.5085064927476812,0.0
0.33000001311302185,0.5117678046226501,0,0.5,0.009511192329227865,1.470393825633076,6.233598300717718
0.33000001311302185,0.501754641532898,0,0.5,0.007075258996337594,1.4887107492985845,0.0
0.36000001430511475,0.5006781220436096,0,0.5,0.003968880046158971,1.5529028164634673,9.43957569387431
0.36000001430511475,0.49978581070899963,0,0.5,0.003151942510157766,1.6212382187401455,0.0
0.3799999952316284,0.49949365854263306,0,0.5,0.004111543297767581,1.660176711028098,6.517951850712634
0.3799999952316284,0.5023744106292725,0,0.5,0.003129344666376652,1.7005043529900494,0.0
0.44999998807907104,0.500823974609375,0,0.5,0.004199939314275922,1.719121990321133,21.934270426265673
0.44999998807907104,0.49808284640312195,0,0.5,0.004633757751434983,1.736772451265682,0.0
0.5,0.4991459548473358,0,0.5,0.005088627338409366,1.7759798877525788,16.34326837219721
0.5,0.4956680238246918,0,0.5,0.005734174046665371,1.7883590991315303,0.0
0.5099999904632568,0.4954413175582886,0,0.5,0.007525858469307364,1.7972369607533099,3.407186485335696
0.5099999904632568,0.4972670078277588,0,0.5,0.010446648113429487,1.779168662156417,0.0
0.5299999713897705,0.4963368773460388,0,0.5,0.011329999193549097,1.7594153937826642,6.922295225058946
0.5299999713897705,0.49472546577453613,0,0.5,0.011694441549479902,1.7047997390341865,0.0
0.5799999833106995,0.4954735338687897,0,0.5,0.01067451946437353,1.644729417557312,17.127709769334885
0.5799999833106995,0.4972776174545288,0,0.5,0.011006939224898756,1.5891637868026274,0.0
0.6399999856948853,0.49823427200317383,0,0.5,0.010931665077805458,1.574221075637284,20.569994161071698
0.6399999856948853,0.49833470582962036,0,0.5,0.010588091798126637,1.5751166596873012,0.0
0.6899999976158142,0.49754655361175537,0,0.5,0.0105130393058061,1.5746312279793186,17.58373838902788
0.6899999976158142,0.4972970485687256,0,0.5,0.009889423847198426,1.560070565702696,0.0
0.7400000095367432,0.5005592107772827,0,0.5,0.008302146568894326,1.5320798807314386,17.794104808192582
0.7400000095367432,0.5010439157485962,0,0.5,0.008567442186176716,1.5355763647542375,0.0
0.7400000095367432,0.501783549785614,0,0.5,0.008375151082873284,1.5345704384466472,0.0
0.7400000095367432,0.5005958676338196,0,0.5,0.008181837387382923,1.5305237263681373,0.0
0.7799999713897705,0.49955305457115173,0,0.5,0.006054005119949518,1.5258795031244134,0.0
0.7799999713897705,0.49927857518196106,0,0.5,0.003978538326919018,1.5280043699030268,14.536918860056238
0.7799999713897705,0.4981452226638794,0,0.5,0.003280896227806746,1.5155113978742005,0.0
0.8399999737739563,0.49915072321891785,0,0.5,0.00191007531248027,1.5184422515357414,21.664363392558094
0.8399999737739563,0.49858272075653076,0,0.5,0.0012579374015330665,1.5145584361045537,0.0
0.9100000262260437,0.4969799220561981,0,0.5,-0.002454834291711509,1.5109305083802491,24.845703942836934
0.9100000262260437,0.4977223873138428,0,0.5,-0.002277845749631584,1.525124120198429,0.0
0.9100000262260437,0.49965617060661316,0,0.5,-0.0013601292157546284,1.5543110485228804,0.0
0.9100000262260437,0.49850577116012573,0,0.5,-0.0009257615311071874,1.5925541386628597,0.0
0.9700000286102295,0.5000723004341125,0,0.5,-0.0011126555036754017,1.6264193678381313,21.370501865275834
0.9700000286102295,0.4993177056312561,0,0.5,-0.0008592588710599246,1.6652477687375595,0.0
1.0299999713897705,0.4983391761779785,0,0.5,-0.0012726556742564438,1.6879234214109484,21.46628132731953
1.0299999713897705,0.4982859790325165,0,0.5,0.004539787303656281,1.6893308156866336,0.0
1.100000023841858,0.4972895383834839,0,0.44965982698537255,0.0032625328749417665,1.7090277087279098,24.643331895105394
1.100000023841858,0.4993590712547302,0,0.45730120535087754,0.004875287413597046,1.6996044354803777,0.0
1.159999966621399,0.5001409649848938,0,0.3821626983525755,0.005943485535681187,1.6491196031935127,21.445971330425493
1.159999966621399,0.4869898557662964,0,0.38870786977860333,0.00800820440053934,1.6209103934464317,0.0
1.1799999475479126,0.4676330089569092,0,0.3635885409427844,0.006616439204662982,1.5921960551970151,7.642312522762455
1.1799999475479126,0.4379536211490631,0,0.3657611197719122,0.006662003230303472,1.5650878925319727,0.0
1.2000000476837158,0.4115210175514221,0,0.3407200672538224,0.004733026493340681,1.5367620734632403,7.719883821882726
1.2000000476837158,0.37297001481056213,0,0.3429024622876339,0.00043561198981474246,1.5353892357499008,0.0
1.25,0.3666357100009918,0,0.2803628197068832,-0.0001158993400168123,1.5460193995039264,18.53228938276736
1.25,0.352861613035202,0,0.2858266017183023,0.00023382384097199327,1.5676612461902968,0.0
1.2799999713897705,0.34755322337150574,0,0.24822836097757467,-0.0010686659952626055,1.6148576833355484,11.354084307972363
1.2799999713897705,0.31855127215385437,0,0.2514973232853915,-0.0032513001933694276,1.6412930130029053,0.0
1.3200000524520874,0.2981043756008148,0,0.2014370926930073,-0.003992618992924727,1.6738553605480582,14.9463498264872
1.3200000524520874,0.2899368107318878,0,0.20580458540113722,-0.005022661760449445,1.717839639784717,0.0
1.3600000143051147,0.2594311237335205,0,0.15572556840677057,-0.00524636544287208,1.7614151710311245,89.59343942559204
1.3600000143051147,0.2422543615102768,0,0.16009068114968514,-0.0045741642825305765,1.7806612370646016,0.0
1.3600000143051147,0.22057020664215088,0,0.1600113208385959,-0.004114019218832282,1.7804603261125713,0.0
1.399999976158142,0.18308386206626892,0,0.11000144848342557,-0.004754165187478089,1.771081507492044,14.865839326244224
1.399999976158142,0.16291001439094543,0,0.11437520430623965,-0.006341201253235361,1.7766821080501043,0.0
0.3799999952316284,-0.28375840187072754,0,0.5,0.013510547578334845,1.8243655821263711,14.447781471468543
0.3799999952316284,-0.27467426657676697,0,0.5,0.01258719060570005,1.8330365085746916,0.0
0.3400000035762787,-0.2473238706588745,0,0.5,0.015207195654511483,1.8378493666816769,15.401209830710744
0.3400000035762787,-0.21512678265571594,0,0.5,0.015053020790219335,1.807750747310613,0.0
0.33000001311302185,0.07892933487892151,0,0.5,0.02494624070823192,1.766644837648861,81.5197744914222
0.33000001311302185,0.2621442377567291,0,0.5,0.029997175559401484,1.6074491370174215,0.0
0.28999999165534973,0.4138937294483185,0,0.5,0.03280014544725413,1.4503937647280154,16.236338527580603
0.28999999165534973,0.5604999661445618,0,0.5,0.03302939981222146,1.3342873951196277,0.0
0.33000001311302185,0.5421857833862305,0,0.5,0.03166344761848443,1.2342167511568853,17.160395193676013
0.33000001311302185,0.5089588165283203,0,0.5,0.02199849672615522,1.2225655088971668,0.0
0.3499999940395355,0.5041157007217407,0,0.5,0.01835353113710874,1.2339651513297947,9.097180298377662
0.3499999940395355,0.5017996430397034,0,0.5,0.012198581360280453,1.2801188974704227,0.0
0.38999998569488525,0.5022403597831726,0,0.5,0.008942946791648804,1.3232454364378095,18.0071017643541
0.38999998569488525,0.5029496550559998,0,0.5,0.007860121317207753,1.3941296910337377,0.0
0.41999998688697815,0.501166820526123,0,0.5,0.0069644059985875485,1.440103015227822,13.939019675703959
0.5199999809265137,-0.5162832736968994,0,0.5,-0.10243148356676098,0.07293763645347628,33.776873882408054
0.5199999809265137,-0.514355480670929,0,0.5,-0.10722431540489193,0.09358005576949305,0.0
0.44999998807907104,-0.4906938672065735,0,0.5,-0.11458659917116162,0.3449365777347342,0.0
0.44999998807907104,-0.39275282621383667,0,0.5,-0.11395446211099623,0.6894295798353891,23.158191060688825
0.44999998807907104,-0.21823427081108093,0,0.5,-0.11061267554759979,0.9792224842745308,0.0
0.41999998688697815,0.11497683823108672,0,0.5,-0.0998494848608971,1.1901493481978722,9.578551384542994
0.41999998688697815,0.3064725697040558,0,0.5,-0.09163820743560798,1.4173268255880334,0.0
0.41999998688697815,0.4746890962123871,0,0.5,-0.08207063376903541,1.546624724564926,0.0
0.41999998688697815,0.5462595820426941,0,0.5,-0.07405474036932,1.702609697903975,0.0
0.4399999976158142,0.5358007550239563,0,0.5,-0.06301507353782662,1.784023807822566,6.223897668359092
0.4399999976158142,0.50881427526474,0,0.5,-0.05608198046684273,1.8604101553770864,0.0
0.4699999988079071,0.48832929134368896,0,0.5,-0.04077731445431717,1.9640157079432792,9.315379612887641
0.4699999988079071,0.4891868829727173,0,0.5,-0.03470623493194587,1.9670607551425185,0.0
0.550000011920929,0.4924851357936859,0,0.5,-0.02005602233111865,1.9214810242677092,89.2556154201647
0.550000011920929,0.4943099021911621,0,0.5,-0.014823431149125165,1.8451252252541344,0.0
0.5799999833106995,0.4957031309604645,0,0.5,-0.003613580251112644,1.691121870562381,9.047922103023883
0.5799999833106995,0.49634361267089844,0,0.5,-0.0009728561853990585,1.5336446592518072,0.0
0.5799999833106995,0.4965558648109436,0,0.5,0.0010166408028452964,1.4042381058371352,0.0
0.6600000262260437,0.49383437633514404,0,0.5,0.0028846762143074855,1.223645469528514,23.024421558516103
