dist,zvel,PIDx,PIDz,xvel,pitch,theta
6.0199999809,0.0294754766,0,-0.5,-0.00730066,2.3123038557,3.9379174001
6.0199999809,0.0155471824,0,-0.5,-0.0077077653,2.2894760375,0
6.0199999809,-0.0067441254,0,-0.5,-0.0091206133,2.307934667,0
6.0199999809,-0.0359928012,0,-0.5,-0.0099316053,2.3444922268,0
6,-0.2643961012,0,-0.5,-0.0166783594,2.4125396546,3.9354290975
6,-0.398663938,0,-0.5,-0.0188499335,2.6688493496,0
6.0300002098,-0.5201460123,0,-0.5,-0.0184426922,2.8244843327,6.0286966132
6.0300002098,-0.5286967754,0,-0.5,-0.0155706285,2.973074656,0
6.0199999809,-0.5228595138,0,-0.5,-0.002905519,3.0015177369,2.0417794276
6.0199999809,-0.5209226012,0,-0.5,0.0021276874,2.9012382628,0
5.9699997902,-0.5156290531,0,-0.5,0.0098002423,2.7747540415,10.1715922229
5.9699997902,-0.5130106211,0,-0.5,0.011647908,2.5287949344,0
5.9299998283,-0.5140075088,0,-0.5,0.0104529979,2.3635931058,8.2367745167
5.9299998283,-0.515288651,0,-0.5,0.0079669803,2.1714220842,0
5.8899998665,-0.5117111206,0,-0.5,0.0021234257,2.0783954258,8.1270890597
5.8899998665,-0.5115739107,0,-0.5,-0.0008698921,2.0175325252,0
5.8299999237,-0.5156287551,0,-0.5,-0.005189064,2.0390290716,11.9421134627
5.8299999237,-0.5169146061,0,-0.5,-0.0068958574,2.1049361404,0
5.8099999428,-0.516315639,0,-0.5,-0.0089016361,2.1680033977,4.0585455156
5.8099999428,-0.5163890123,0,-0.5,-0.0086733997,2.2553534834,0
5.7600002289,-0.5144307613,0,-0.5,-0.0080957059,2.3234566166,10.117010618
5.7600002289,-0.5129759908,0,-0.5,-0.0075041135,2.402248483,0
5.7300000191,-0.5137149692,0,-0.5,-0.0076389508,2.4311846174,6.2191071264
5.7300000191,-0.5137637258,0,-0.5,-0.0081781559,2.4634348472,0
5.6999998093,-0.5117872953,0,-0.5,-0.005259424,2.4596880669,6.324197122
5.6999998093,-0.51243186,0,-0.5,-0.0049793436,2.4418249,0
5.6700000763,-0.5126942992,0,-0.5,-0.004184287,2.4246753637,6.3112849059
5.6700000763,-0.5131450891,0,-0.5,-0.0052945176,2.383782801,0
5.6199998856,-0.5155369043,0,-0.5,-0.0078387558,2.3723724667,10.467479635
5.6199998856,-0.5154201388,0,-0.5,-0.0082083885,2.3755419423,0
5.5700001717,-0.5118913651,0,-0.5,-0.0085793631,2.3924701113,10.4584081135
5.5700001717,-0.5108377934,0,-0.5,-0.0069578835,2.4346096311,0
5.5300002098,-0.5117436647,0,-0.5,-0.0077892537,2.4629698452,8.4361809848
5.5300002098,-0.5130519271,0,-0.5,-0.0075853774,2.4961740593,0
5.4800000191,-0.513833344,0,-0.5,-0.0082942853,2.5122143247,10.614788345
5.4800000191,-0.5128719807,0,-0.5,-0.0072277305,2.5341253332,0
5.4400000572,-0.5119419098,0,-0.5,-0.005191802,2.5559063657,8.6490890842
5.4400000572,-0.5133699179,0,-0.5,-0.0067578242,2.5619456546,0
5.4000000954,-0.5120435357,0,-0.5,-0.0049499795,2.5435503975,8.7640544447
5.4000000954,-0.5118926167,0,-0.5,-0.0035468757,2.5091993049,0
5.3699998856,-0.5106576085,0,-0.5,-0.0033542982,2.4716830725,6.6838961935
5.3699998856,-0.511038959,0,-0.5,-0.0055439761,2.4421758375,0
5.3099999428,-0.5088380575,0,-0.5,-0.0066669751,2.4280310491,13.2574555665
5.3099999428,-0.5091747642,0,-0.5,-0.0070234016,2.4670688834,0
5.2899999619,-0.5097626448,0,-0.5,-0.0067932475,2.4990029573,4.4909787531
5.2899999619,-0.510186851,0,-0.5,-0.0069615953,2.5352875334,0
5.25,-0.5109116435,0,-0.5,-0.0060273875,2.552651503,8.9254748825
5.25,-0.5105130076,0,-0.5,-0.0056705028,2.5821727949,0
5.1900000572,-0.5093148351,0,-0.5,-0.0064393035,2.5956985739,13.4032977621
5.1900000572,-0.5108782053,0,-0.5,-0.0068750861,2.6052756603,0
5.1500000954,-0.5113282204,0,-0.5,-0.0073851813,2.5928523125,9.0600532444
5.1500000954,-0.5114361048,0,-0.5,-0.0067649316,2.576651057,0
5.0999999046,-0.5103778839,0,-0.5,-0.0053984141,2.5894095604,11.3393300291
5.0999999046,-0.5095918179,0,-0.5,-0.00413157,2.589392365,0
5.0599999428,-0.5096781254,0,-0.5,-0.0051281564,2.5931177066,9.1741799646
5.0599999428,-0.5096399784,0,-0.5,-0.0052540414,2.6027365226,0
5,-0.5076730847,0,-0.5,-0.0021838171,2.5973196585,13.6100976989
5,-0.5083857179,0,-0.5,-0.0035875742,2.5895768332,0
4.9600000381,-0.5087967515,0,-0.5,-0.006466276,2.593744779,9.3035144942
4.9600000381,-0.5098432302,0,-0.5,-0.0073992293,2.6082608246,0
4.9200000763,-0.5104142427,0,-0.5,-0.0057102791,2.6249647596,9.4292059707
4.9200000763,-0.5085411668,0,-0.5,-0.0066181882,2.6457691232,0
4.8899998665,-0.5070109963,0,-0.5,-0.0051364186,2.6671853619,7.2036079035
4.8899998665,-0.5077007413,0,-0.5,-0.0052814726,2.6882838745,0
4.8499999046,-0.5091275573,0,-0.5,-0.0049167015,2.6946447117,9.627728838
4.8499999046,-0.5104859471,0,-0.5,-0.0062336242,2.6843270916,0
4.7899999619,-0.5105378032,0,-0.5,-0.0074667647,2.6673617946,14.5731680139
4.7899999619,-0.5067772865,0,-0.5,-0.0063674501,2.65313551,0
4.75,-0.5043557286,0,-0.5,-0.0067367274,2.6552160771,10.1304044928
4.75,-0.5086092353,0,-0.5,-0.0057911174,2.650169693,0
4.7100000381,-0.5093290806,0,-0.5,-0.0051562982,2.645240318,10.5651015521
4.7100000381,-0.5049721599,0,-0.5,-0.0035776957,2.6389877104,0
4.6500000954,-0.5050371289,0,-0.5,-0.002420695,2.6486675135,16.59227695
4.6500000954,-0.5097383857,0,-0.5,-0.0017466954,2.6510435514,0
4.6100001335,-0.5099952221,0,-0.5,-0.0012900016,2.6577089687,11.9387217454
4.6100001335,-0.5100833178,0,-0.5,-0.0004957484,2.6550482835,0
4.5399999619,-0.5084139705,0,-0.5,0.0002061047,2.6414124292,21.0882071081
4.5399999619,-0.509816885,0,-0.5,0.0021655981,2.6247225175,0
4.5,-0.5105080605,0,-0.5,0.0013540494,2.5975180014,13.3408344072
4.5,-0.5062162876,0,-0.5,0.002979124,2.5778978668,0
4.4600000381,-0.5078342557,0,-0.5,0.0042688698,2.5503705959,14.4254548484
4.4600000381,-0.5092997551,0,-0.5,0.0042608348,2.5415644434,0
4.4099998474,-0.5082885623,0,-0.5,0.0041506793,2.5419255885,19.0759873314
4.4099998474,-0.5042651892,0,-0.5,0.0042219926,2.5516956514,0
4.3899998665,-0.5041370392,0,-0.5,0.0054253009,2.5639402178,8.2545759072
4.3899998665,-0.5087902546,0,-0.5,0.0072850082,2.5631710841,0
4.3299999237,-0.5087668896,0,-0.5,0.0089776013,2.5390780989,25.4322190308
4.3299999237,-0.5100467205,0,-0.5,0.0099280952,2.5079559505,0
4.2699999809,-0.5112142563,0,-0.5,0.0095751835,2.4810838385,27.7764832055
4.2699999809,-0.5092664361,0,-0.5,0.0090611,2.4583155647,0
4.2300000191,-0.5084770918,0,-0.5,0.0067513338,2.4120325315,21.3560869269
4.2300000191,-0.5073871017,0,-0.5,0.0033399782,2.4076465783,0
4.1700000763,-0.5070464611,0,-0.5,0.0044246167,2.4359156579,32.9965779978
4.1700000763,-0.5084630847,0,-0.5,0.0043646377,2.4572050323,0
4.1399998665,-0.5100741982,0,-0.5,0.0052886885,2.4715299044,20.2695993806
4.1399998665,-0.510623157,0,-0.5,0.0055908868,2.45866972,0
4.0599999428,-0.5100557804,0,-0.5,0.0053652907,2.4225200142,48.041531562
4.0599999428,-0.505428791,0,-0.5,0.0046507549,2.3793039503,0
4,-0.5058777332,0,-0.5,0.0033077565,2.3594706927,43.2850369453
4,-0.5090723038,0,-0.5,0.0001959685,2.3661380909,0
3.9700000286,-0.5097324848,0,-0.5,-0.0013392629,2.3990237223,26.3518760912
3.9700000286,-0.5099053979,0,-0.5,-0.0011850654,2.4180304128,0
3.9100000858,-0.5065421462,0,-0.5,0.0008409219,2.4293535058,50.090011188
3.9100000858,-0.5080640912,0,-0.5,0.0032867789,2.4378939673,0
3.8599998951,-0.5098962188,0,-0.5,0.0034666397,2.4514800219,50.7378753578
3.8599998951,-0.5076072812,0,-0.5,0.0052498165,2.4741903911,0
3.8099999428,-0.5054405332,0,-0.5,0.004808988,2.4691630726,61.0930754935
3.8099999428,-0.5063394904,0,-0.5,0.0039901333,2.4573999829,0
3.7699999809,-0.5097811818,0,-0.5,0.0028658507,2.4662868483,65.808441544
3.7699999809,-0.5071365833,0,-0.5,0.0060413252,2.4882791679,0
3.75,-0.5055165887,0,-0.5,0.00601626,2.4972677615,67.8767311682
3.75,-0.5092704296,0,-0.5,0.0044813356,2.4776356613,0
3.6700000763,-0.5098959208,0,-0.5,0.0055158152,2.4573063851,88.8307377125
3.6700000763,-0.5077033639,0,-0.5,0.0030747091,2.4165386508,0
3.6500000954,-0.5074714422,0,-0.5,0.0020222655,2.3794625688,67.2652280756
3.6500000954,-0.5056943893,0,-0.5,0.0020774417,2.3563381855,0
3.5699999332,-0.5053345561,0,-0.5,0.0014826509,2.3608545245,78.3796833361
3.5699999332,-0.5063801408,0,-0.5,-0.0006792402,2.352760797,0
3.5399999619,-0.506640017,0,-0.5,0.0001290453,2.3650913965,52.3093140737
3.5399999619,-0.5057989955,0,-0.5,0.0016609377,2.3780791708,0
3.4900000095,-0.5053067207,0,-0.5,0.0001536596,2.4021522882,56.4776495117
3.4900000095,-0.5047261119,0,-0.5,-0.0005707715,2.4285631285,0
3.4100000858,-0.5035216212,0,-0.5,0.0002755973,2.4484467852,60.9021062962
3.4100000858,-0.5038129091,0,-0.5,0.001823043,2.4926310238,0
3.3900001049,-0.506501317,0,-0.5,0.0056573255,2.5029294026,19.8328505502
3.3900001049,-0.5058414936,0,-0.5,0.0069143753,2.4750144849,0
3.3599998951,-0.5062567592,0,-0.5,0.0093316752,2.427505908,25.3251264331
3.3599998951,-0.5061594844,0,-0.5,0.0102493837,2.3580766432,0
3.2999999523,-0.5047747493,0,-0.5,0.0091896923,2.3162266728,39.4353160713
3.2999999523,-0.5032241344,0,-0.5,0.0069704438,2.2631253581,0
3.2699999809,-0.5038468838,0,-0.5,0.0047169458,2.239309494,22.5746783674
3.2699999809,-0.5043379664,0,-0.5,0.0033902682,2.2409449553,0
3.2100000381,-0.5067652464,0,-0.5,0.0038431608,2.2360025979,38.3198803993
3.2100000381,-0.5039682388,0,-0.5,0.0032621697,2.2780737161,0
3.1500000954,-0.5033346415,0,-0.5,0.0003437392,2.3153933289,36.7819236019
3.1500000954,-0.5041816235,0,-0.5,0.0001057269,2.3454323474,0
3.0899999142,-0.5043179393,0,-0.5,-0.0006307086,2.3543840194,35.7506731108
3.0899999142,-0.5041229129,0,-0.5,4.15169051848987E-05,2.3564467125,0
3.0299999714,-0.5038338304,0,-0.5,0.0009744971,2.3704585882,32.6259735544
3.0299999714,-0.5047575235,0,-0.5,0.0019312634,2.3722586345,0
2.9800000191,-0.503880918,0,-0.5,0.0027098458,2.3729631897,26.6652605115
2.9800000191,-0.5047237277,0,-0.5,0.0037208304,2.3612718273,0
2.9900000095,-0.5046234131,0,-0.5,0.0021422494,2.3582797592,5.3248146934
2.9900000095,-0.5034774542,0,-0.5,0.0042321505,2.3577954574,0
2.9100000858,-0.5018449426,0,-0.5,0.0070214197,2.3377761909,33.2696631103
2.9100000858,-0.5031654239,0,-0.5,0.0075828191,2.3233222048,0
2.8699998856,-0.5026047826,0,-0.5,0.0076350709,2.3161522302,17.0020579283
2.8699998856,-0.5048124194,0,-0.5,0.0061038118,2.3009399218,0
2.8099999428,-0.504663825,0,-0.5,0.0040363092,2.3023727892,23.3996543253
2.8099999428,-0.505405724,0,-0.5,0.0029101479,2.3009166156,0
2.7599999905,-0.5032097101,0,-0.5,0.0031668227,2.2722077708,19.2643164955
2.7599999905,-0.5012465119,0,-0.5,0.0030882705,2.2609632837,0
2.7000000477,-0.5029222369,0,-0.5,0.0036970559,2.2595329287,22.3299883022
2.7000000477,-0.5026031733,0,-0.5,0.0034217993,2.2650059666,0
2.6500000954,-0.5024038553,0,-0.5,0.0043693054,2.2426114453,18.2257114168
2.6500000954,-0.5039117336,0,-0.5,0.0035242215,2.2319876403,0
2.5999999046,-0.5038763881,0,-0.5,0.0046933242,2.224912749,17.5486944078
2.5999999046,-0.5046041608,0,-0.5,0.00492778,2.2182745738,0
2.5399999619,-0.5030468106,0,-0.5,0.0057304748,2.216470068,20.4505326308
2.5399999619,-0.5054675341,0,-0.5,0.0067788223,2.2205275103,0
2.5099999905,-0.5042594671,0,-0.5,0.0065558134,2.2291852278,10.3000948636
2.5099999905,-0.5058367848,0,-0.5,0.0066026128,2.2343153145,0
2.4700000286,-0.5055298209,0,-0.5,0.0083929738,2.2122154364,13.3465836926
2.4700000286,-0.5048899055,0,-0.5,0.0093151405,2.2025627661,0
2.4700000286,-0.5024611354,0,-0.5,0.0085137393,2.1873625572,0
2.4200000763,-0.5028468966,0,-0.5,0.0092802513,2.1703342929,16.2053667824
2.4200000763,-0.5035985708,0,-0.5,0.0089650247,2.1520066281,0
2.3599998951,-0.5054802895,0,-0.5,0.0094021242,2.1242610419,18.5400058083
2.3599998951,-0.5043799281,0,-0.5,0.008709684,2.1244879067,0
2.3099999428,-0.5017266273,0,-0.5,0.0096603045,2.1081789857,15.2424240973
2.3099999428,-0.5041579008,0,-0.5,0.0098121995,2.098580364,0
2.2599999905,-0.5032454133,0,-0.5,0.01155122,2.099612304,14.8974069085
2.2599999905,-0.5039651394,0,-0.5,0.0109933354,2.0967228231,0
2.2100000381,-0.5048841834,0,-0.5,0.0130434465,2.0833859315,14.3260715022
2.2100000381,-0.5043101311,0,-0.5,0.0157491993,2.0600176699,0
2.1600000858,-0.5029551983,0,-0.5,0.0159083847,2.036826658,13.9742152123
2.1600000858,-0.5050730109,0,-0.5,0.0158881508,1.9604197811,0
2.0999999046,-0.5043458343,0,-0.5,0.0139750447,1.9021759012,16.1870905296
2.0999999046,-0.5043004155,0,-0.5,0.0129347071,1.8832762191,0
2.0499999523,-0.5041019917,0,-0.5,0.0083798571,1.8803392022,13.4454109754
2.0499999523,-0.5053048134,0,-0.5,0.0086862799,1.9015287794,0
1.9900000095,-0.5045959949,0,-0.5,0.0097292447,1.9229982665,15.7236062881
1.9900000095,-0.502555728,0,-0.5,0.0117986938,1.9377714127,0
1.9400000572,-0.5043080449,0,-0.4975170337,0.0148772541,1.9356677793,13.0647907262
1.9400000572,-0.5048488975,0,-0.5,0.0130937612,1.9221182018,0
1.8999999762,-0.5041429996,0,-0.4528713229,0.011902824,1.8996949167,10.255150168
1.8999999762,-0.5018738508,0,-0.4572338928,0.0100719761,1.8753350903,0
1.8200000525,-0.5015415549,0,-0.3571543081,0.0108396318,1.871414424,19.5936364567
1.8200000525,-0.4817667603,0,-0.3658943398,0.0117401946,1.8323318842,0
6.0100002289,0.0169937648,0,-0.5,-0.0074131149,2.1577275069,10.11725854
6.0100002289,0.0210999381,0,-0.5,-0.0077132802,2.1601233208,0
6.0300002098,0.0251311455,0,-0.5,-0.0102353441,2.1588538192,6.8729259199
6.0300002098,-0.0080145188,0,-0.5,-0.0127605647,2.1885927649,0
6.0300002098,-0.1096348017,0,-0.5,-0.0148731917,2.2814217893,0
6.0599999428,-0.3923687637,0,-0.5,-0.0241252743,2.5380244568,10.2522121895
6.0599999428,-0.4709397554,0,-0.5,-0.0244752448,2.7181810145,0
6.0399999619,-0.5188106298,0,-0.5,-0.0220409557,2.8969429635,6.7242188338
6.0399999619,-0.5178699493,0,-0.5,-0.0184042081,2.9363695663,0
6,-0.5108687282,0,-0.5,-0.0080774063,2.8833426789,13.1071057855
6,-0.5091529489,0,-0.5,-0.0051454622,2.8119012894,0
5.9499998093,-0.5084591508,0,-0.5,-0.0011111468,2.6571766078,16.1276211234
5.9499998093,-0.5085437894,0,-0.5,0.0003686195,2.5175049901,0
5.9000000954,-0.5080937147,0,-0.5,0.0013610325,2.3724288029,16.0834295634
5.9000000954,-0.5074192286,0,-0.5,0.0006666305,2.2820615394,0
5.8699998856,-0.506731391,0,-0.5,-0.0046453546,2.2303946307,9.9070719196
5.8699998856,-0.5071635246,0,-0.5,-0.0041417731,2.2348858676,0
5.8499999046,-0.5078428388,0,-0.5,-0.0089647025,2.2340112055,6.6280445777
5.8499999046,-0.5078204274,0,-0.5,-0.0086509101,2.2561772213,0
5.8000001907,-0.5073131919,0,-0.5,-0.0106966039,2.294382861,16.1609826683
5.8000001907,-0.5067461729,0,-0.5,-0.0111834472,2.3429703255,0
5.7600002289,-0.5088044405,0,-0.5,-0.0094434228,2.4090035615,12.8223800544
5.7600002289,-0.5097311735,0,-0.5,-0.0083908103,2.4311707171,0
5.7100000381,-0.5069399476,0,-0.5,-0.0076104272,2.4421538886,15.481019487
5.7100000381,-0.506446898,0,-0.5,-0.0079061929,2.4389592942,0
5.6799998283,-0.5051703453,0,-0.5,-0.0060402039,2.4280628651,9.1362245558
5.6799998283,-0.5075522661,0,-0.5,-0.0068466314,2.4206010987,0
5.5999999046,-0.509655714,0,-0.5,-0.0063766483,2.4025646195,23.0411060915
5.5999999046,-0.510137856,0,-0.5,-0.006829516,2.3990684941,0
5.5799999237,-0.508462429,0,-0.5,-0.0093068527,2.3802823232,5.9907955802
5.5799999237,-0.5053669214,0,-0.5,-0.0089893891,2.405914586,0
5.5300002098,-0.5058580637,0,-0.5,-0.0117365699,2.4230224476,14.2846956291
5.5300002098,-0.508148849,0,-0.5,-0.0116137108,2.4469660639,0
5.4800000191,-0.5068705678,0,-0.5,-0.0108964005,2.4593571075,13.9516920284
5.4800000191,-0.5062509775,0,-0.5,-0.0073536225,2.4793026468,0
5.4200000763,-0.5052578449,0,-0.5,-0.0077740978,2.4672894653,16.0183678884
5.4200000763,-0.5065717697,0,-0.5,-0.0099575715,2.4593586996,0
5.3699998856,-0.507550478,0,-0.5,-0.0114918668,2.4708848454,12.9199104177
5.3699998856,-0.5065222383,0,-0.5,-0.0116416756,2.5163976248,0
5.3499999046,-0.5066791773,0,-0.5,-0.0099234423,2.5495038698,5.1461263437
5.3499999046,-0.5079957843,0,-0.5,-0.0096106753,2.5839332864,0
5.2899999619,-0.5100141764,0,-0.5,-0.0101178577,2.5803225231,14.7480142345
5.2899999619,-0.50979954,0,-0.5,-0.0077204383,2.5863877364,0
5.2399997711,-0.5094200969,0,-0.5,-0.0046594748,2.5995412933,12.0934851918
5.2399997711,-0.5082647204,0,-0.5,-0.0024442128,2.6065085974,0
5.2100000381,-0.505571425,0,-0.5,-0.0002520335,2.6014924783,7.0663727876
5.2100000381,-0.5047784448,0,-0.5,0.0011491359,2.6239352241,0
5.1399998665,-0.5091307163,0,-0.5,0.0038947291,2.6112987479,15.502553108
5.1399998665,-0.5093802214,0,-0.5,0.0056454213,2.5788668936,0
5.0999999046,-0.5086601973,0,-0.5,0.0086208172,2.5512785284,8.5929586756
5.0999999046,-0.5074323416,0,-0.5,0.0090613542,2.5037404135,0
5.0599999428,-0.5090724826,0,-0.5,0.0102850115,2.4580568434,8.3027691514
5.0599999428,-0.508038342,0,-0.5,0.0094801448,2.3877052183,0
4.9800000191,-0.5080009699,0,-0.5,0.0083484091,2.3437905812,15.7472664673
4.9800000191,-0.5093302727,0,-0.5,0.0061176289,2.2751874688,0
4.9200000763,-0.5073720217,0,-0.5,0.0064989775,2.2387357956,11.6962956338
4.9200000763,-0.5087313056,0,-0.5,0.0071165981,2.2371823517,0
4.8800001144,-0.5105083585,0,-0.5,0.0057918192,2.2508297632,7.7289323808
4.8800001144,-0.5097758174,0,-0.5,0.0060187969,2.264468338,0
4.8299999237,-0.5101123452,0,-0.5,0.0049693589,2.2657115305,9.4541085374
4.8299999237,-0.5096857548,0,-0.5,0.0027971442,2.2670838675,0
4.8099999428,-0.5095053315,0,-0.5,0.001699317,2.2649933226,3.7458151592
4.8099999428,-0.5121327043,0,-0.5,-0.0014210185,2.2858791202,0
4.7300000191,-0.5096765757,0,-0.5,-0.0029381646,2.3080898401,14.4708797787
4.7300000191,-0.5088900924,0,-0.5,-0.0027298294,2.3431321601,0
4.6900000572,-0.5071882606,0,-0.5,-0.0019073965,2.3885205029,7.238903181
4.6900000572,-0.5094804764,0,-0.5,9.72175112111189E-05,2.4222085094,0
4.6500000954,-0.5096670985,0,-0.5,0.0003757161,2.4200022356,7.2047055852
4.6500000954,-0.5068801045,0,-0.5,8.92545795068767E-05,2.4149848873,0
4.5799999237,-0.5058265924,0,-0.5,-0.0001290293,2.4065923122,12.3014633497
4.5799999237,-0.5060308576,0,-0.5,-0.00083838,2.3970794256,0
4.5399999619,-0.5069174767,0,-0.5,-0.0023376187,2.4039238776,7.0267954622
4.5399999619,-0.5087689161,0,-0.5,-6.62526581435771E-05,2.4021851966,0
4.4600000381,-0.5072681904,0,-0.5,-0.0002970332,2.4156897142,13.7931698187
4.4600000381,-0.5068640709,0,-0.5,0.0011366095,2.4429797356,0
4.4200000763,-0.5081986189,0,-0.5,0.0009392006,2.4591672416,6.8937179175
4.4200000763,-0.5106354356,0,-0.5,0.0019520388,2.4652860573,0
4.3600001335,-0.5105029941,0,-0.5,0.0040771058,2.4597416171,10.0800036914
4.3600001335,-0.5087145567,0,-0.5,0.0051656752,2.4098717699,0
4.3099999428,-0.5084719062,0,-0.5,0.0070748269,2.3329372624,8.3001348611
4.3099999428,-0.5077002645,0,-0.5,0.0073304488,2.2761777987,0
4.2699999809,-0.5076732039,0,-0.5,0.0087536247,2.2321875558,6.5472563374
4.2699999809,-0.5069996715,0,-0.5,0.0082934527,2.1897426068,0
4.1900000572,-0.5072540045,0,-0.5,0.0059658852,2.1962319571,12.8458424452
4.1900000572,-0.5067613721,0,-0.5,0.0033590493,2.2075701135,0
4.1500000954,-0.5060510635,0,-0.5,0.0019734041,2.2176768355,6.3807166516
4.1500000954,-0.5061927438,0,-0.5,0.00348939,2.2342019947,0
4.1399998665,-0.5074219704,0,-0.5,0.0031052085,2.2421938263,1.5771818137
4.1399998665,-0.5063880086,0,-0.5,0.0033564735,2.2341100499,0
4.0599999428,-0.5056100488,0,-0.5,0.0014559964,2.2421301754,12.2393890523
4.0599999428,-0.506496191,0,-0.5,0.0013176629,2.2641882584,0
4.0199999809,-0.5067395568,0,-0.5,0.0010603794,2.2898190267,6.1150239991
4.0199999809,-0.5073779821,0,-0.5,0.0004863032,2.3156046562,0
3.9400000572,-0.5073885322,0,-0.5,0.001873132,2.3352064972,11.9077831161
3.9400000572,-0.5085515976,0,-0.5,0.0031149706,2.3480176754,0
3.9200000763,-0.5071693063,0,-0.5,0.0040753968,2.3583125198,2.9649263851
3.9200000763,-0.5076065063,0,-0.5,0.0047774613,2.374237843,0
3.8699998856,-0.5073738098,0,-0.5,0.0053090993,2.3674663992,7.2774141331
3.8699998856,-0.5044238567,0,-0.5,0.0101341549,2.3351622911,0
3.7999999523,-0.5067803264,0,-0.5,0.0110429097,2.3188638782,9.9086733822
3.7999999523,-0.5065089464,0,-0.5,0.0147363907,2.2595820051,0
3.75,-0.5048706532,0,-0.5,0.0152250901,2.1981677711,6.9667606527
3.75,-0.5041182041,0,-0.5,0.0147793451,2.1306256759,0
6.0300002098,0.0071473639,0,-0.5,0.0059956512,1.3661735225,24.8312007275
6.0300002098,0.0074398904,0,-0.5,0.0062051234,1.3281277752,0
6.0399999619,0.0063296715,0,-0.5,0.0049839993,1.284384725,6.57709273
6.0399999619,-0.0032661161,0,-0.5,0.0054228278,1.2236505573,0
6.0500001907,-0.1911202073,0,-0.5,0.0009995619,1.2354400699,6.0928203918
6.0500001907,-0.4417195618,0,-0.5,-0.0088358838,1.3653516934,0
6.0300002098,-0.5010901093,0,-0.5,-0.0101062115,1.4613769988,11.1565246809
6.0300002098,-0.5252361298,0,-0.5,-0.0088345744,1.5707390779,0
6.0100002289,-0.5229908228,0,-0.5,-0.0067812684,1.6061901821,10.5870306231
6.0100002289,-0.5199450254,0,-0.5,-0.0046778009,1.6355023856,0
5.9899997711,-0.5160804987,0,-0.5,0.000716134,1.6245427191,10.2946920072
5.9899997711,-0.518149972,0,-0.5,0.0017104717,1.5389492899,0
5.9499998093,-0.5160861015,0,-0.5,0.0029369376,1.4534672354,18.9809089548
5.9499998093,-0.5148610473,0,-0.5,0.0024224378,1.3466511509,0
5.9000000954,-0.5167417526,0,-0.5,0.0007724114,1.2986680893,21.8597298082
5.9000000954,-0.5168816447,0,-0.5,5.44555950910478E-05,1.2563588924,0
5.8499999046,-0.5177832842,0,-0.5,-0.0042871116,1.1889030639,19.7682992907
5.8499999046,-0.5163792372,0,-0.5,-0.0063010603,1.1718660012,0
5.8099999428,-0.5152738094,0,-0.5,-0.0080748182,1.2085859512,14.870440366
5.8099999428,-0.5148158073,0,-0.5,-0.0096228877,1.2666518303,0
5.7800002098,-0.5143401027,0,-0.5,-0.0131405396,1.3473865529,10.4206495192
5.7800002098,-0.5162370205,0,-0.5,-0.0131300036,1.4261661519,0
5.7399997711,-0.5158805847,0,-0.5,-0.0113670025,1.4739959644,13.552674595
5.7399997711,-0.5161741972,0,-0.5,-0.0105103347,1.5291107153,0
5.6700000763,-0.5120638013,0,-0.5,-0.0083131976,1.5520184382,22.2872347412
5.6700000763,-0.5113024712,0,-0.5,-0.0076567591,1.5831896978,0
5.6700000763,-0.5151833296,0,-0.5,-0.0072259996,1.6027992182,0
5.6700000763,-0.5147330165,0,-0.5,-0.0055049476,1.5991242421,0
5.6199998856,-0.5149852633,0,-0.5,-0.0023060997,1.5733035247,15.3201669684
5.6199998856,-0.5136809945,0,-0.5,-0.0028991702,1.5423848921,0
5.5700001717,-0.5109547377,0,-0.5,-0.0032847058,1.5163806479,14.6220590672
5.5700001717,-0.5111446381,0,-0.5,-0.0046095639,1.5128404957,0
5.5399999619,-0.5133587122,0,-0.5,-0.0043162066,1.497585795,8.4276196227
5.5399999619,-0.5122483969,0,-0.5,-0.0056838999,1.4990545812,0
5.4899997711,-0.5106039643,0,-0.5,-0.0044641308,1.4829431582,13.4035016975
5.4899997711,-0.5103533864,0,-0.5,-0.0040651779,1.4818287202,0
5.4499998093,-0.5112274289,0,-0.5,-0.0032333871,1.4870454519,10.4023616273
5.4499998093,-0.5112915635,0,-0.5,-0.0041058762,1.494228904,0
5.3899998665,-0.5122772455,0,-0.5,-0.0039841635,1.5008273974,15.0735189484
5.3899998665,-0.5124715567,0,-0.5,-0.003082732,1.4902148138,0
5.3499999046,-0.5104612708,0,-0.5,-0.0026690902,1.4885868639,10.0008221745
5.3499999046,-0.5090535879,0,-0.5,-0.0023279551,1.4882025456,0
5.3000001907,-0.5081337094,0,-0.5,-0.003306271,1.4941194246,12.2057743635
5.3000001907,-0.5095133781,0,-0.5,-0.0032193442,1.4904132407,0
5.2800002098,-0.5116332769,0,-0.5,-0.0047726501,1.4780460996,4.8085928449
5.2800002098,-0.5145453215,0,-0.5,-0.0052361502,1.4665639265,0
5.2300000191,-0.5122088194,0,-0.5,-0.0059173903,1.4793103413,11.6483316925
5.2300000191,-0.5105327368,0,-0.5,-0.0059789727,1.4924647479,0
5.1999998093,-0.5085846186,0,-0.5,-0.0063139773,1.5153177525,6.8276911181
5.1999998093,-0.5088507533,0,-0.5,-0.0051402343,1.5546628427,0
5.1399998665,-0.5107525587,0,-0.5,-0.002913344,1.5876531045,13.2381909399
5.1399998665,-0.5116342902,0,-0.5,-0.0019368733,1.5928873577,0
5.0999999046,-0.5103302002,0,-0.5,-0.000632428,1.5890787367,0
5.0999999046,-0.5101733208,0,-0.5,0.001703663,1.5739326069,89.3731411153
5.0999999046,-0.5101690888,0,-0.5,0.0032999462,1.5455455209,0
5.0399999619,-0.5084175467,0,-0.5,0.0025738941,1.5199939633,13.0705728289
5.0399999619,-0.5082843304,0,-0.5,0.0011322878,1.5086603477,0
5,-0.5102291703,0,-0.5,-0.0004759008,1.4947223675,8.6158437624
5,-0.5085449219,0,-0.5,-0.0006491193,1.4775043947,0
4.9800000191,-0.5080747008,0,-0.5,-0.0026902491,1.4727064557,4.2276893447
4.9800000191,-0.5092919469,0,-0.5,-0.0031791744,1.4684827089,0
4.9400000572,-0.5105370283,0,-0.5,-0.0016775125,1.4777480776,8.239164514
4.9400000572,-0.509632647,0,-0.5,-0.0023338012,1.4732406019,0
4.8899998665,-0.5099583268,0,-0.5,-0.0026132665,1.4851974343,10.0201179153
4.8899998665,-0.5119408369,0,-0.5,-0.0022985528,1.5079117235,0
4.8499999046,-0.511384964,0,-0.5,-0.0007519835,1.5448100791,7.9235174383
4.8499999046,-0.511477828,0,-0.5,-0.0022385139,1.5583428607,0
4.7899999619,-0.5091314316,0,-0.5,-0.0038231323,1.5722303053,11.5854631719
4.7899999619,-0.5080730319,0,-0.5,-0.0044491738,1.610527034,0
4.7300000191,-0.5095794201,0,-0.5,-0.0029796762,1.625194285,11.3198364533
4.7300000191,-0.5100331306,0,-0.5,-0.0031760226,1.6083497016,0
4.6700000763,-0.5100075603,0,-0.5,-0.0013631411,1.5999213582,11.0779173867
4.6700000763,-0.5099696517,0,-0.5,-0.0007553615,1.5967651826,0
4.6300001144,-0.5092390776,0,-0.5,9.02801111806792E-05,1.5981511652,7.2863276042
4.6300001144,-0.5080512166,0,-0.5,-0.0030832847,1.5535270908,0
4.6199998856,-0.5064927936,0,-0.5,-0.0036719337,1.533774403,1.7777459419
4.6199998856,-0.5075891018,0,-0.5,-0.0068756314,1.5295631712,0
4.5199999809,-0.5064017773,0,-0.5,-0.0079912553,1.5389851332,16.6475250831
4.5199999809,-0.5100033283,0,-0.5,-0.0097232796,1.6089222805,0
4.5199999809,-0.5101076961,0,-0.5,-0.0113042798,1.6599873937,0
4.5199999809,-0.5076477528,0,-0.5,-0.0100291716,1.688468324,0
4.4600000381,-0.508097887,0,-0.5,-0.0088036656,1.735847659,9.5954695032
4.4600000381,-0.5103080869,0,-0.5,-0.0081737228,1.7550639633,0
4.4099998474,-0.5110434294,0,-0.5,-0.0090953708,1.7527318247,7.8682279877
4.4099998474,-0.5127925873,0,-0.5,-0.0077908915,1.7536099871,0
4.3600001335,-0.5120348334,0,-0.5,-0.0076478594,1.7366815653,7.6984132522
4.3600001335,-0.5112003684,0,-0.5,-0.0072095552,1.7317376983,0
4.3099999428,-0.5093736053,0,-0.5,-0.0072363913,1.7199393389,7.5745650144
4.3099999428,-0.5058355331,0,-0.5,-0.0073942989,1.7395222747,0
4.2699999809,-0.5058449507,0,-0.5,-0.0073087071,1.7667654771,5.9609062891
4.2699999809,-0.5059175491,0,-0.5,-0.0056180372,1.8043964098,0
4.2100000381,-0.505972445,0,-0.5,-0.0042226654,1.8119641723,8.7796744302
4.2100000381,-0.5061060786,0,-0.5,-0.0031824708,1.7757486935,0
4.1700000763,-0.5053103566,0,-0.5,-0.0014150024,1.7440174418,5.8237557552
4.1700000763,-0.5074641109,0,-0.5,-0.0041558743,1.7204860941,0
4.1199998856,-0.5076380968,0,-0.5,-0.0070277071,1.7043879349,7.2021398189
4.1199998856,-0.5074284077,0,-0.5,-0.007117541,1.6943841762,0
4.0399999619,-0.5065681934,0,-0.5,-0.0083127515,1.7043100197,11.1897813122
4.0399999619,-0.5064088106,0,-0.5,-0.0091882916,1.7296201405,0
4,-0.5062125325,0,-0.5,-0.0102727432,1.7621432959,5.5666507818
4,-0.5063493848,0,-0.5,-0.0096865809,1.8095869027,0
3.9800000191,-0.5080862045,0,-0.5,-0.0089417947,1.8325930252,2.7571081222
3.9800000191,-0.5071477294,0,-0.5,-0.0083146207,1.8641465956,0
3.9200000763,-0.5074038506,0,-0.5,-0.0067318119,1.8794895834,8.1563139473
3.9200000763,-0.5072911382,0,-0.5,-0.0049698772,1.8866788063,0
3.8800001144,-0.5072710514,0,-0.5,-0.0058991625,1.8594578483,5.3944222452
3.8800001144,-0.5073252916,0,-0.5,-0.0048918738,1.8317159784,0
3.8399999142,-0.5048024654,0,-0.5,-0.0039938074,1.8281359197,5.3014505863
3.8399999142,-0.5062507391,0,-0.5,-0.0056012906,1.8425001691,0
3.7799999714,-0.5067711473,0,-0.5,-0.0095388275,1.8552692897,7.7330290291
3.7799999714,-0.5087102652,0,-0.5,-0.0118943928,1.8704006757,0
3.75,-0.5095921755,0,-0.5,-0.0116498722,1.8876797345,3.8138495134
3.75,-0.5104132295,0,-0.5,-0.0116117215,1.9017764728,0
3.6700000763,-0.5053061247,0,-0.5,-0.0121484837,1.954290506,9.886051841
3.6700000763,-0.504707098,0,-0.5,-0.0111785755,2.0184298722,0
3.6099998951,-0.5060867071,0,-0.5,-0.010618072,2.0619425692,7.3137512411
3.6099998951,-0.5043094158,0,-0.5,-0.0098106982,2.0960885664,0
3.6099998951,-0.5075640678,0,-0.5,-0.0076139355,2.1013961055,0
3.6099998951,-0.5077887177,0,-0.5,-0.0071118255,2.0634455832,0
3.5199999809,-0.5073326826,0,-0.5,-0.0078977551,2.0399175444,10.6821456593
3.5199999809,-0.5064096451,0,-0.5,-0.0084162327,2.0099622378,0
3.4800000191,-0.5048478246,0,-0.5,-0.0087876376,1.9898554882,4.7419861246
3.4800000191,-0.5048629642,0,-0.5,-0.01069229,1.9935202617,0
3.4300000668,-0.503950417,0,-0.5,-0.0111690247,2.0301897879,5.8514568605
3.4300000668,-0.5042634606,0,-0.5,-0.0101394253,2.0538343949,0
3.4100000858,-0.5054901242,0,-0.5,-0.008318197,2.0703276633,2.3185985851
3.4100000858,-0.506259799,0,-0.5,-0.0070383064,2.0683548307,0
3.3499999046,-0.505261898,0,-0.5,-0.0032033673,2.0509889342,6.9066840709
3.3499999046,-0.5043685436,0,-0.5,-0.001708542,2.039116187,0
3.2999999523,-0.5066612363,0,-0.5,-0.0006015321,2.0202373363,5.7579396389
3.2999999523,-0.5060871243,0,-0.5,-0.0004744821,1.9947542736,0
3.2599999905,-0.5020993352,0,-0.5,-0.0016265517,1.9805777432,4.6010223625
3.2599999905,-0.5026550293,0,-0.5,-0.0016198971,1.9786822837,0
3.2100000381,-0.5063279867,0,-0.5,0.0017991484,1.9803095284,5.7762467667
3.2100000381,-0.5063194633,0,-0.5,0.0021852595,1.9645201056,0
3.1400001049,-0.5046954155,0,-0.5,0.0041201981,1.9607031489,8.0839709996
3.1400001049,-0.5064610243,0,-0.5,0.0049207369,1.9509848481,0
3.1099998951,-0.5054984093,0,-0.5,0.0056415168,1.9356620052,3.5145166419
3.1099998951,-0.5049052238,0,-0.5,0.0060774684,1.914446116,0
3.0499999523,-0.5044463277,0,-0.5,0.005210246,1.8673638779,7.0802711776
3.0499999523,-0.5044639111,0,-0.5,0.0038412618,1.838150149,0
3,-0.5024363399,0,-0.5,0.0043024146,1.8274439318,5.9132687431
3,-0.5020383,0,-0.5,0.0036466802,1.8370344558,0
2.9200000763,-0.5030968189,0,-0.5,-8.93528340383743E-05,1.8535442389,9.3716033009
2.9200000763,-0.5054942966,0,-0.5,-0.0010025436,1.8775633587,0
2.8800001144,-0.5038036108,0,-0.5,-0.0009381889,1.9236737688,4.6961461584
2.8800001144,-0.5041306019,0,-0.5,-0.0011874503,1.9333851982,0
2.8499999046,-0.5052873492,0,-0.5,-0.001146718,1.9424868529,3.5264111229
2.8499999046,-0.5053992271,0,-0.5,-0.0009165012,1.9479839768,0
2.7799999714,-0.5053513646,0,-0.5,-0.000371773,1.9584259388,8.1521659316
2.7799999714,-0.5047716498,0,-0.5,0.0008410183,1.9763066092,0
2.75,-0.5059512854,0,-0.5,0.0041492647,2.003270678,3.5191437325
2.75,-0.5053790212,0,-0.5,0.0044104634,1.996047137,0
2.7200000286,-0.5018382072,0,-0.5,0.0045548575,1.986473587,3.5384051523
2.7200000286,-0.5038849711,0,-0.5,0.0055285399,1.9781434345,0
2.6600000858,-0.5062403083,0,-0.5,0.0064631561,1.9504961662,7.1095998964
2.6600000858,-0.5065597296,0,-0.5,0.0078507867,1.9202360906,0
2.6600000858,-0.5064898133,0,-0.5,0.0065364358,1.8918778344,0
2.5999999046,-0.5051621199,0,-0.5,0.0060608275,1.8593338444,7.1445836263
2.5999999046,-0.5041655302,0,-0.5,0.0043449155,1.8680009652,0
2.5599999428,-0.5052089691,0,-0.5,0.0045957705,1.8849691456,4.7995077291
2.5599999428,-0.5046961308,0,-0.5,0.0029989665,1.8859974237,0
2.5199999809,-0.5050150752,0,-0.5,0.0027469269,1.9107322476,4.8129747293
2.5199999809,-0.5042877197,0,-0.5,0.0040557315,1.9209347986,0
2.4700000286,-0.5031530261,0,-0.5,0.0040381197,1.9190844251,6.0182877751
2.4700000286,-0.5054975748,0,-0.5,0.00486715,1.9059901832,0
2.3800001144,-0.5054954886,0,-0.5,0.0083862692,1.8935746666,10.7724711939
2.3800001144,-0.5038220882,0,-0.5,0.0099989949,1.8892800454,0
2.3399999142,-0.5022029281,0,-0.5,0.0080472892,1.8612897927,4.8314373951
2.3399999142,-0.5036730766,0,-0.5,0.0075055985,1.8310247208,0
2.3299999237,-0.5061736107,0,-0.5,0.0055843005,1.7852622081,1.2037939677
2.3299999237,-0.5023211837,0,-0.5,0.0037308342,1.755795199,0
2.2999999523,-0.5016089082,0,-0.5,0.0014197944,1.7387712858,3.6228939977
2.2999999523,-0.5037864447,0,-0.5,0.0015041806,1.7302584385,0
2.2000000477,-0.5035260916,0,-0.5,0.0003952962,1.7429687965,11.8280880363
2.2000000477,-0.5042158365,0,-0.5,0.0004296849,1.7403972911,0
2.1800000668,-0.5044968128,0,-0.5,-0.0001342847,1.7401537592,2.3929139362
2.1800000668,-0.5051349401,0,-0.5,-0.0007647258,1.7453206642,0
2.1199998856,-0.503928721,0,-0.5,-0.0002572314,1.7624773396,7.1349390518
2.1199998856,-0.5033479929,0,-0.5,-0.0009270825,1.7841876854,0
2.0799999237,-0.500938952,0,-0.5,-0.0014358584,1.7781562648,4.7616324498
2.0799999237,-0.4993790686,0,-0.5,-0.0023276389,1.7793612478,0
2.0499999523,-0.5007373095,0,-0.5,9.50933535933176E-05,1.8117065533,3.5713275607
2.0499999523,-0.501173377,0,-0.5,0.0003993616,1.8344203365,0
2,-0.503580451,0,-0.5,0.0006700036,1.8644233386,5.9631927042
2,-0.5038467646,0,-0.5,0.0009021324,1.8982729633,0
1.9600000381,-0.5039241314,0,-0.5,0.0046138586,1.91573639,4.8056100968
1.9600000381,-0.5015725493,0,-0.5,0.0048563001,1.9284453604,0
1.8999999762,-0.500187099,0,-0.4507256326,0.0083745671,1.9246284411,7.1957656328
1.8999999762,-0.5030167699,0,-0.4572781812,0.0083512245,1.8669210605,0
1.8700000048,-0.4990683198,0,-0.4196597846,0.0080112964,1.8335255926,3.6135497162
1.8700000048,-0.4796352983,0,-0.4229262274,0.0085754599,1.7619974955,0
1.8200000525,-0.4509587884,0,-0.3603658428,0.0080408528,1.7108256906,5.9803158467
1.8200000525,-0.4390602708,0,-0.3658270321,0.0082906475,1.6529347225,0
6.0100002289,0.011532899,0,-0.5,0.0001696075,1.8125087202,83.2260720595
6.0100002289,0.021609351,0,-0.5,-0.0001209329,1.7733204226,0
6,0.0290855765,0,-0.5,-0.0016950944,1.7258854052,1.0373524785
6,-0.0129108168,0,-0.5,-0.0038274189,1.7284229377,0
5.9899997711,-0.2735796571,0,-0.5,-0.0137274172,1.8532573741,1.02730239
5.9899997711,-0.3955871761,0,-0.5,-0.0171047654,2.0051150236,0
5.9800000191,-0.5148788095,0,-0.5,-0.0160277411,2.2201769397,1.0300553295
5.9800000191,-0.5218036771,0,-0.5,-0.0130807897,2.3249404267,0
5.9699997902,-0.516405046,0,-0.5,-0.0056799348,2.3899251991,1.0238582422
5.9699997902,-0.5160524845,0,-0.5,-0.0047464371,2.3671769041,0
5.9299998283,-0.5147158504,0,-0.5,0.0004022988,2.2329863107,4.088204306
5.9299998283,-0.5126140714,0,-0.5,0.0013322477,2.1280305347,0
5.9299998283,-0.5134595633,0,-0.5,0.0021257538,2.0038222468,0
5.8699998856,-0.512380898,0,-0.5,0.0023351458,1.8670477288,6.0957378118
5.8299999237,-0.5114842653,0,-0.5,-0.0025439402,1.7680051148,4.0289006504
5.8299999237,-0.5099514127,0,-0.5,-0.0051018577,1.7338280023,0
5.8299999237,-0.5083842874,0,-0.5,-0.0066952589,1.7222711442,0
5.7800002098,-0.5112305284,0,-0.5,-0.0103414552,1.7646490135,4.9192339361
5.7800002098,-0.5122614503,0,-0.5,-0.0112647396,1.8002751581,0
5.7199997902,-0.5091898441,0,-0.5,-0.010985503,1.8893100811,5.8769172097
5.7199997902,-0.5097196102,0,-0.5,-0.0099766199,1.9681720605,0
5.6799998283,-0.5119560361,0,-0.5,-0.0086216107,2.0664426199,3.9238649614
5.6799998283,-0.513461113,0,-0.5,-0.0055830074,2.0969581851,0
5.6199998856,-0.5132024288,0,-0.5,-0.001558664,2.0837425541,5.913431438
5.6199998856,-0.509349525,0,-0.5,0.0004255229,2.0538649299,0
5.5799999237,-0.5099784732,0,-0.5,-0.0012789881,2.0154297083,3.9532144708
5.5799999237,-0.5095647573,0,-0.5,-0.0028164496,1.9725808424,0
5.5399999619,-0.5105262399,0,-0.5,-0.0051668542,1.9532322612,3.9282630028
5.5399999619,-0.5116971135,0,-0.5,-0.0059078648,1.9466379653,0
5.4699997902,-0.5125587583,0,-0.5,-0.0066564381,1.945162864,6.787739555
5.4699997902,-0.5115363598,0,-0.5,-0.0074320436,1.9309436158,0
5.4499998093,-0.5076639056,0,-0.5,-0.0068730977,1.9262901371,1.9336639608
5.4499998093,-0.5071489811,0,-0.5,-0.0078019309,1.9269346783,0
5.4000000954,-0.5101940632,0,-0.5,-0.0071933344,1.9412270746,4.7997558578
5.4000000954,-0.5117141604,0,-0.5,-0.0059163603,1.9714020589,0
5.3699998856,-0.5125432611,0,-0.5,-0.0052979868,2.0095778365,2.8872783429
5.3699998856,-0.5111256242,0,-0.5,-0.0050073066,2.0457641813,0
5.3000001907,-0.5111753345,0,-0.5,-0.0021166375,2.0345654598,6.7201055634
5.3000001907,-0.5101972818,0,-0.5,-0.0017372419,2.0130149278,0
5.2399997711,-0.5122311711,0,-0.5,-0.0019571441,1.9853953041,5.7589330544
5.2399997711,-0.5102369785,0,-0.5,-0.0030830265,1.9400789619,0
5.1999998093,-0.5091249943,0,-0.5,-0.0015921486,1.9121343629,3.8438148365
5.1999998093,-0.5098235011,0,-0.5,-0.0013501383,1.8910024998,0
5.1599998474,-0.5117759109,0,-0.5,-0.0012531971,1.8809367377,3.8287117769
5.1599998474,-0.512260437,0,-0.5,-0.0026311495,1.8943198346,0
5.0799999237,-0.5125079751,0,-0.5,-0.0023589137,1.9124326316,7.6027865276
5.0799999237,-0.5109523535,0,-0.5,-0.0032402207,1.9385983045,0
5.0199999809,-0.5090135932,0,-0.5,-0.002392526,1.9667046786,5.7297742561
5.0199999809,-0.5083031654,0,-0.5,-0.0017287792,1.9913703755,0
5,-0.50887537,0,-0.5,-0.0038068593,1.9900688636,1.9174686942
5,-0.5097831488,0,-0.5,-0.0030100453,1.9917386801,0
4.9400000572,-0.5104262829,0,-0.5,-0.0015385667,1.9864427623,5.7407753336
4.9400000572,-0.5092089176,0,-0.5,-0.0012946703,1.9941962651,0
4.8899998665,-0.5095654726,0,-0.5,-0.0009006616,1.9966122587,4.8156843525
4.8899998665,-0.5092641711,0,-0.5,-0.0022122124,1.9925272976,0
4.8299999237,-0.5087335706,0,-0.5,-0.0018051626,1.9761219423,5.778985002
4.8299999237,-0.5081065297,0,-0.5,-0.0027145795,1.9626454574,0
4.7699999809,-0.5066500902,0,-0.5,-0.0018067252,1.9547835576,5.7905806159
4.7699999809,-0.5050109625,0,-0.5,-0.0023980583,1.9247221705,0
4.7300000191,-0.5099414587,0,-0.5,-0.0014140848,1.9117560249,3.8602595576
4.7300000191,-0.5099309683,0,-0.5,-0.0014648392,1.8770110656,0
4.6900000572,-0.511359632,0,-0.5,-0.0025919757,1.8717057288,3.845060094
4.6900000572,-0.5095158219,0,-0.5,-0.0036593424,1.9221123463,0
4.6500000954,-0.5100798011,0,-0.5,-0.0014778186,1.9809443693,3.8456383986
4.6500000954,-0.5097596049,0,-0.5,-5.5250624427509E-05,2.0268694738,0
4.5999999046,-0.5112190843,0,-0.5,-0.0020224589,2.0336260076,4.7858937682
4.5999999046,-0.5128121376,0,-0.5,-0.0019293288,2.0245109093,0
4.5599999428,-0.5080697536,0,-0.5,-0.0018961043,1.9926097852,3.8299805085
4.5599999428,-0.5067032576,0,-0.5,-0.0020478121,1.985312205,0
4.5,-0.5063938498,0,-0.5,-0.001085747,1.9823353945,5.6855308886
4.5,-0.5091796517,0,-0.5,-0.0014183599,1.9852988583,0
4.4600000381,-0.5093557835,0,-0.5,-7.37287336954244E-06,1.9929952058,3.7900302781
4.4600000381,-0.5074238777,0,-0.5,0.0013224232,1.9901947639,0
4.4200000763,-0.5055030584,0,-0.5,0.0019575024,1.9829763445,3.8027217055
4.4200000763,-0.5072819591,0,-0.5,0.0009221098,1.9721917734,0
4.3800001144,-0.5076100826,0,-0.5,-0.0018274107,1.9568452798,3.8075388176
4.3800001144,-0.5076335073,0,-0.5,-0.0026421794,1.9569216559,0
3.1600000858,-0.5044458508,0,-0.5,-0.1499085873,0.1478225099,56.2054161059
3.1199998856,-0.4921915531,0,-0.5,-0.1496743858,0.1666335372,2.7315034678
3.1199998856,-0.4921915531,0,-0.5,-0.1496743858,0.2948762577,90
3.0899999142,-0.4836289883,0,-0.5,-0.1499082446,1.2993374275,2.0151182273
3.0899999142,-0.4881948829,0,-0.5,-0.1458732188,2.178877985,0
3.0299999714,-0.5056687593,0,-0.5,-0.1278531551,3.3146795508,3.9783612496
3.0299999714,-0.5113981366,0,-0.5,-0.1140805185,3.8351358667,0
3.0299999714,-0.5123682022,0,-0.5,-0.0782721639,4.1834375446,0
3.0299999714,-0.5103445053,0,-0.5,-0.0598634407,4.3433539057,0
2.9600000381,-0.511854291,0,-0.5,-0.021565903,4.1973147416,4.7504166521
2.9600000381,-0.509383738,0,-0.5,-0.0073384177,3.7039804115,0
2.9200000763,-0.5043936372,0,-0.5,0.0169920642,3.2509180777,2.735021673
2.9200000763,-0.5041099787,0,-0.5,0.0223950334,2.5241041928,0
2.8900001049,-0.4972227514,0,-0.5,0.028061077,2.1129276024,2.0278769105
2.8900001049,-0.4968987405,0,-0.5,0.0250757989,1.591144814,0
2.8299999237,-0.4964973629,0,-0.5,0.0195730161,1.3470712224,3.9557398869
2.8299999237,-0.4969003201,0,-0.5,0.0143997278,1.1250223819,0
2.7599999905,-0.49981004,0,-0.5,0.0037534782,1.0655454735,4.4980131793
2.7599999905,-0.5005796552,0,-0.5,0.0007474319,1.0872833228,0
2.7300000191,-0.5000602007,0,-0.5,-0.0066767237,1.1593507341,1.9090491779
2.7300000191,-0.5005918145,0,-0.5,-0.0067135054,1.3202240498,0
2.6600000858,-0.5036094785,0,-0.5,-0.0065038553,1.4418433389,4.4169459056
2.6600000858,-0.5043843985,0,-0.5,-0.0046616443,1.599615079,0
2.6199998856,-0.5033835769,0,-0.5,-0.0009540407,1.6604735296,2.5219207611
2.6199998856,-0.50372082,0,-0.5,0.0007692151,1.7581176458,0
2.5599999428,-0.5050876737,0,-0.5,0.0064314422,1.7766626335,3.7618169375
2.5599999428,-0.5053620934,0,-0.5,0.0067990259,1.7521994706,0
2.5199999809,-0.5035246015,0,-0.5,0.008023777,1.7073687463,2.4955908332
2.5199999809,-0.5042607188,0,-0.5,0.0073321383,1.6401463988,0
2.5099999905,-0.5028396249,0,-0.5,0.0062842164,1.5925731308,0.6149220857
2.5099999905,-0.5013581514,0,-0.5,0.0053307349,1.5435515216,0
2.4600000381,-0.5005605817,0,-0.5,0.0034075559,1.5144593056,3.0216617549
2.4600000381,-0.5016272068,0,-0.5,0.0027688604,1.4896955742,0
2.3800001144,-0.5034303069,0,-0.5,0.0017870157,1.4750973776,4.740481257
2.3800001144,-0.5024367571,0,-0.5,-0.0004366613,1.4597082711,0
2.3299999237,-0.5039120317,0,-0.5,0.0016720148,1.4475814075,2.923955734
2.3299999237,-0.5035777092,0,-0.5,0.0002293526,1.4370128955,0
2.2699999809,-0.5034537911,0,-0.5,0.000363435,1.4370023845,3.4456859974
2.2699999809,-0.503480196,0,-0.5,-0.0001966168,1.4244123184,0
2.2400000095,-0.5046098828,0,-0.5,-0.0010669208,1.426446715,1.6988156073
2.2400000095,-0.5025801063,0,-0.5,-0.0030031637,1.4333062545,0
2.1900000572,-0.5014475584,0,-0.5,-0.0050638793,1.4486278908,2.7870539139
2.1900000572,-0.503477931,0,-0.5,-0.0049387095,1.456958513,0
2.1099998951,-0.5030770898,0,-0.5,-0.0048152073,1.4629227803,4.3831464824
2.1099998951,-0.5039034486,0,-0.5,-0.0040858416,1.4670327921,0
2.0799999237,-0.5048404336,0,-0.5,-0.0050457353,1.4824697904,1.6254112468
2.0799999237,-0.5033702254,0,-0.5,-0.0084922276,1.4912427038,0
2.0299999714,-0.5014590025,0,-0.5,-0.0082531124,1.5309406338,2.6687220279
2.0299999714,-0.5023452044,0,-0.5,-0.0103498287,1.5845639808,0
1.9900000095,-0.5033435225,0,-0.5,-0.0111437012,1.611874387,2.1042209374
1.9900000095,-0.5032355785,0,-0.5,-0.0094255591,1.6307930029,0
1.9600000381,-0.5012341142,0,-0.5,-0.0066975108,1.6422111789,1.5572689199
1.9600000381,-0.5010473728,0,-0.5,-0.0057086898,1.6390459073,0
1.8999999762,-0.5026549101,0,-0.4507228002,-0.0067044646,1.6287699258,3.0789555181
1.8999999762,-0.5033096075,0,-0.4572778271,-0.0067299046,1.6177261615,0
1.8799999952,-0.5026965141,0,-0.4321597284,-0.0051421607,1.6305761957,1.0178786238
1.8799999952,-0.4677074254,0,-0.434332461,-0.0019762656,1.6396481224,0
6.0100002289,0.063560091,0,-0.5,-0.0084962528,1.5604581877,2.6003557372
6.0100002289,0.0531416088,0,-0.5,-0.0094604827,1.5601318961,0
6.0100002289,0.0570032895,0,-0.5,-0.0108007845,1.5563371732,0
6.0100002289,-0.0072396062,0,-0.5,-0.0125439558,1.5897507572,0
5.9800000191,-0.1292709112,0,-0.5,-0.0164766181,1.6735491887,1.2915758376
5.9800000191,-0.405457139,0,-0.5,-0.0227831509,1.8900260782,0
6,-0.4831997156,0,-0.5,-0.0238685422,2.0067366493,0.857990567
6,-0.5246352553,0,-0.5,-0.0183253214,2.1578981803,0
5.9600000381,-0.5236625671,0,-0.5,-0.0154868346,2.1776573815,1.7148789556
5.9600000381,-0.51622504,0,-0.5,-0.0101635549,2.1613657323,0
5.9099998474,-0.5153108835,0,-0.5,-0.0094363699,2.0742461567,2.1416674611
5.9099998474,-0.5103449225,0,-0.5,-0.0069392691,1.9758183096,0
5.8699998856,-0.5101821423,0,-0.5,-0.004792009,1.8888004001,1.7084494119
5.8699998856,-0.5144596696,0,-0.5,-0.0057261898,1.8163552969,0
5.8000001907,-0.5104408264,0,-0.5,-0.00660082,1.7205206177,2.9711667408
5.8000001907,-0.5100776553,0,-0.5,-0.0086581493,1.6795876171,0
5.7699999809,-0.5105683208,0,-0.5,-0.0114021795,1.6166124808,1.266385839
5.7699999809,-0.5095869303,0,-0.5,-0.0130182523,1.6186788028,0
5.7199997902,-0.5108847022,0,-0.5,-0.0119156074,1.6117263873,2.0957070696
5.7199997902,-0.5101048946,0,-0.5,-0.0155480821,1.6394491812,0
5.6700000763,-0.5113220215,0,-0.5,-0.0170365926,1.6971029763,2.0865268303
5.6700000763,-0.5133713484,0,-0.5,-0.0185710937,1.7619710695,0
5.6199998856,-0.5122407675,0,-0.5,-0.0170197841,1.8383556893,2.0834776603
5.6199998856,-0.5103116632,0,-0.5,-0.0168781579,1.8797207974,0
5.5799999237,-0.5111149549,0,-0.5,-0.0171707943,1.9372394637,1.6702594354
5.5799999237,-0.508764565,0,-0.5,-0.0154952025,1.9869953807,0
5.5199999809,-0.5091010332,0,-0.5,-0.014423144,2.0229958207,2.5022576154
5.5199999809,-0.5100005865,0,-0.5,-0.0134516144,2.0231136917,0
5.4800000191,-0.510941565,0,-0.5,-0.0116732232,2.0120360703,1.6646355769
5.4800000191,-0.5123316646,0,-0.5,-0.0113490857,1.9809396864,0
5.4499998093,-0.5120555758,0,-0.5,-0.0100218412,1.9590600397,1.2480328968
5.4499998093,-0.5090841651,0,-0.5,-0.0118059404,1.926242265,0
5.4299998283,-0.5092747211,0,-0.5,-0.0118338,1.9126763273,0.8296187112
5.4299998283,-0.5082016587,0,-0.5,-0.014447039,1.9266646227,0
5.3499999046,-0.506860137,0,-0.5,-0.0147393057,1.9558338,3.3093352084
5.3499999046,-0.5081128478,0,-0.5,-0.0162315741,2.0143683733,0
5.3099999428,-0.5103185177,0,-0.5,-0.0154474536,2.0504237472,1.6530717752
5.3099999428,-0.5122512579,0,-0.5,-0.0153383063,2.0687290604,0
5.2800002098,-0.5115039349,0,-0.5,-0.015231411,2.0520375029,1.240975143
5.2800002098,-0.5092586875,0,-0.5,-0.013499897,2.030285542,0
5.2199997902,-0.5089524388,0,-0.5,-0.0122273322,2.0205703778,2.4820423214
5.2199997902,-0.5075264573,0,-0.5,-0.0112187341,2.0381554557,0
5.1599998474,-0.5078004599,0,-0.5,-0.0087329634,2.0622377501,2.4862325498
5.1599998474,-0.5081911683,0,-0.5,-0.0076493118,2.0704168893,0
5.0999999046,-0.5092825294,0,-0.5,-0.0041733501,2.074211153,2.4904212134
5.0999999046,-0.508921206,0,-0.5,-0.0036645259,2.0419072088,0
5.0399999619,-0.5057380199,0,-0.5,-0.0020546028,1.9864181463,2.4966733451
5.0399999619,-0.5067968369,0,-0.5,-0.0019529578,1.9568776787,0
5,-0.5090046525,0,-0.5,-0.0047229021,1.9410918947,1.6654637374
5,-0.5098280907,0,-0.5,-0.0050837556,1.9394860424,0
4.9200000763,-0.5084425211,0,-0.5,-0.0056857341,1.9223544013,3.3250281879
4.9200000763,-0.5088863373,0,-0.5,-0.0054653389,1.922648126,0
4.9000000954,-0.5084516406,0,-0.5,-0.0035580713,1.9405605369,0.8370135072
4.9000000954,-0.5086323023,0,-0.5,-0.003596022,1.9521531227,0
4.8299999237,-0.5076084733,0,-0.5,-0.0010939665,1.975598363,2.9362565946
4.8299999237,-0.5082341433,0,-0.5,-0.0013230876,1.9768889847,0
4.75,-0.5090459585,0,-0.5,0.0001521954,1.991357828,3.3744681175
4.75,-0.5083360672,0,-0.5,-0.0004018563,2.0068240583,0
4.75,-0.5092127323,0,-0.5,0.0054201689,2.034931475,0
4.75,-0.5089899898,0,-0.5,0.0061924802,2.027680192,0
4.6700000763,-0.5093052983,0,-0.5,0.0063091591,1.9855918266,3.4053051637
4.6700000763,-0.508374393,0,-0.5,0.0075708176,1.9492580956,0
4.6599998474,-0.5056456923,0,-0.5,0.0083289184,1.920660325,0.427404357
4.6599998474,-0.5088572502,0,-0.5,0.0072654551,1.9154719715,0
4.6100001335,-0.5090302229,0,-0.5,0.0042407759,1.902392754,2.1390804221
4.6100001335,-0.5079169273,0,-0.5,0.0023173303,1.8733165974,0
4.5399999619,-0.5073543787,0,-0.5,-0.0005796903,1.8639468154,89.5121423317
4.5399999619,-0.5089144111,0,-0.5,-0.0029616805,1.8698356679,0
4.4800000191,-0.5073123574,0,-0.5,-0.0036143945,1.8883755517,0
4.4800000191,-0.5055625439,0,-0.5,-0.0050314358,1.9080084695,2.5632711086
4.4200000763,-0.5092300773,0,-0.5,-0.0080601154,1.9538975812,88.5660721929
4.4200000763,-0.5095694065,0,-0.5,-0.0084460974,1.9772441571,0
4.4200000763,-0.5054824352,0,-0.5,-0.0115101496,2.0004903398,0
4.3699998856,-0.5059269071,0,-0.5,-0.0109341992,2.0120714472,2.1449734409
4.3699998856,-0.5071203709,0,-0.5,-0.0106156766,2.035607822,0
4.3099999428,-0.5078312755,0,-0.5,-0.0116864592,2.0585120374,2.5817267671
4.2699999809,-0.507029295,0,-0.5,-0.0123747103,2.1054804868,0
4.2699999809,-0.5064975023,0,-0.5,-0.0108857164,2.1208416538,1.7216543769
4.2699999809,-0.5076246858,0,-0.5,-0.009850624,2.1417365534,0
4.2100000381,-0.5081344247,0,-0.5,-0.0094478056,2.1458295101,2.5858759862
4.2100000381,-0.5086352825,0,-0.5,-0.0076350924,2.1586908279,0
4.1700000763,-0.5091163516,0,-0.5,-0.0040840935,2.1670815632,87.519628278
4.1700000763,-0.5094525814,0,-0.5,-0.0030078706,2.1460330813,0
4.0999999046,-0.5087754726,0,-0.5,-1.63681543198726E-05,2.0997424342,3.0311026953
4.0999999046,-0.5067005754,0,-0.5,-0.0012433459,2.0826719298,0
4.0399999619,-0.5070245266,0,-0.5,-0.0009477052,2.0791276584,2.6045798542
4.0399999619,-0.5070720911,0,-0.5,7.05821439624448E-05,2.0742844779,0
4,-0.5065714717,0,-0.5,-0.0004140633,2.0780180412,1.7385631701
4,-0.5070730448,0,-0.5,-0.0012013487,2.0737020189,0
3.9400000572,-0.509925127,0,-0.5,-0.002362957,2.0662124059,2.6152262422
3.9400000572,-0.5084372163,0,-0.5,-0.00136734,2.0658528174,0
3.9100000858,-0.5086686015,0,-0.5,-0.0032321988,2.0654358644,1.3107001113
3.9100000858,-0.5089632273,0,-0.5,-0.0026488672,2.0277709214,0
3.8699998856,-0.5077828765,0,-0.5,-0.0035673096,2.0092376811,1.7556629435
3.8699998856,-0.507250011,0,-0.5,-0.0037779936,2.0033778575,0
3.7999999523,-0.5077733397,0,-0.5,-0.0035018823,2.0135106832,3.0879592512
3.7999999523,-0.5083142519,0,-0.5,-0.0029943804,2.0433290533,0
3.7699999809,-0.5080533624,0,-0.5,-0.0013703855,2.0494999314,1.3319572492
3.7699999809,-0.5070962906,0,-0.5,-0.0011351246,2.0505713451,0
3.6800000668,-0.5059394836,0,-0.5,-0.0026628729,2.0573466313,4.0199277819
3.6800000668,-0.5056095719,0,-0.5,-0.00141252,2.0613315165,0
3.6400001049,-0.5065052509,0,-0.5,-0.0016145133,2.0726429536,1.7997906157
3.6400001049,-0.506383121,0,-0.5,0.001781055,2.0448161814,0
3.5999999046,-0.5039753914,0,-0.5,0.0024071075,2.0342307448,1.8129478898
3.5999999046,-0.5048906803,0,-0.5,0.0037948231,2.028837261,0
3.5399999619,-0.5053889751,0,-0.5,0.0036127348,2.028664656,2.7363334845
3.5399999619,-0.5065264702,0,-0.5,0.0028860129,2.0429280838,0
3.4900000095,-0.5062465668,0,-0.5,0.0031659908,2.0571455891,2.2917151247
3.4900000095,-0.506583035,0,-0.5,0.0042498065,2.0663764977,0
3.4300000668,-0.5058135986,0,-0.5,0.0034835299,2.0668593809,2.766946497
3.4300000668,-0.5034731627,0,-0.5,0.0025084107,2.0506537996,0
3.3800001144,-0.5037098527,0,-0.5,0.0033332217,2.0382188034,2.3104889139
3.3800001144,-0.5059024096,0,-0.5,0.004142486,2.0194537487,0
3.3499999046,-0.5053309798,0,-0.5,0.004531411,1.9752842113,1.3873135851
3.3499999046,-0.5059813261,0,-0.5,0.0060956157,1.9676009925,0
3.2999999523,-0.5044941902,0,-0.5,0.0054998803,1.93366433,2.3212652724
3.2999999523,-0.5040047169,0,-0.5,0.0047038896,1.9337643381,0
3.2599999905,-0.5039666891,0,-0.5,0.0029811189,1.9636226394,1.8623957649
3.2599999905,-0.5052545071,0,-0.5,0.004255692,1.9856829229,0
3.2100000381,-0.5065454245,0,-0.5,0.0041518095,2.0243325062,2.3319989796
3.2100000381,-0.5051180124,0,-0.5,0.0040829191,2.0594048002,0
3.1600000858,-0.5045439601,0,-0.5,0.0032562227,2.0910355767,2.3427445703
3.1600000858,-0.5040128827,0,-0.5,0.003692565,2.095390617,0
3.0899999142,-0.5020573139,0,-0.5,0.0037392969,2.0739328814,3.2872247237
3.0899999142,-0.502515614,0,-0.5,0.003652697,2.0501950431,0
3.0499999523,-0.5016744137,0,-0.5,0.0021757926,1.9936243192,1.8857139534
3.0499999523,-0.503267169,0,-0.5,0.0016536206,1.961642528,0
3,-0.5035575032,0,-0.5,0.0016496081,1.9511395991,2.361350928
3,-0.5017657876,0,-0.5,-0.0009398513,1.9590302508,0
2.9200000763,-0.5011308789,0,-0.5,-4.71978564746076E-05,1.9776700875,3.7844215431
2.9200000763,-0.5018487573,0,-0.5,-0.0034047258,1.997400938,0
2.9100000858,-0.5020162463,0,-0.5,-0.0018719442,2.0191083031,86.9096047892
2.9100000858,-0.5013532043,0,-0.5,-0.0015687912,2.0471643094,0
2.8699998856,-0.500313282,0,-0.5,-0.0004276453,2.0649467833,1.9043864191
2.8699998856,-0.501160264,0,-0.5,0.0007959129,2.0817245108,0
2.8199999332,-0.5030353665,0,-0.5,0.0008932309,2.0672965659,2.3947614349
2.8199999332,-0.5056368113,0,-0.5,0.0056706183,2.0385277239,0
6.0199999809,0.0193168558,0,-0.5,-0.010930636,2.162717119,35.4245575303
6.0199999809,0.0244307239,0,-0.5,-0.0096018678,2.1727283817,0
6.0300002098,0.0300291721,0,-0.5,-0.0091710612,2.1883334716,8.1117719697
6.0300002098,-0.0129532544,0,-0.5,-0.0095904488,2.2030559048,0
6.0300002098,-0.1084873006,0,-0.5,-0.011535394,2.3117626063,0
6.0300002098,-0.4071214199,0,-0.5,-0.0201460924,2.492427817,0
6.0300002098,-0.4845523238,0,-0.5,-0.0222622324,2.7479699689,0
6.0300002098,-0.5273227692,0,-0.5,-0.0158763472,2.8603367312,0
6,-0.5285308361,0,-0.5,-0.0113594299,2.899546904,22.6928571306
6,-0.521268785,0,-0.5,-0.0031348243,2.8467688411,0
5.9499998093,-0.5176579356,0,-0.5,-0.0010610335,2.6649262658,36.879780336
5.9499998093,-0.5150535107,0,-0.5,-4.28827188442796E-05,2.5550929953,0
5.9200000763,-0.5152385235,0,-0.5,-0.0010340547,2.4048845403,23.2270151454
5.9200000763,-0.5186282396,0,-0.5,-0.0044449279,2.2993108057,0
5.8699998856,-0.5179339647,0,-0.5,-0.0052691232,2.2312640195,32.2102846403
5.8699998856,-0.515568912,0,-0.5,-0.0088531971,2.2174139261,0
5.8099999428,-0.5152227879,0,-0.5,-0.0105378563,2.2117927529,35.0995271049
5.8099999428,-0.5170601606,0,-0.5,-0.011825812,2.2230220827,0
5.7699999809,-0.5166321397,0,-0.5,-0.0132448422,2.2713837509,23.9729563033
5.7699999809,-0.516271174,0,-0.5,-0.0149104558,2.3377433183,0
5.7300000191,-0.5169830918,0,-0.5,-0.0153035428,2.404988625,24.2353735226
5.7300000191,-0.5146767497,0,-0.5,-0.0132980878,2.4490737768,0
5.6700000763,-0.5152113438,0,-0.5,-0.011325743,2.4920837806,35.8653554931
5.6700000763,-0.5141329169,0,-0.5,-0.0106545975,2.5134159452,0
5.6500000954,-0.514565289,0,-0.5,-0.0115592359,2.5053111305,14.3380259701
5.6500000954,-0.5158826709,0,-0.5,-0.0120174056,2.5026733348,0
5.5799999237,-0.5164942145,0,-0.5,-0.0099652205,2.494836752,43.8705128549
5.5799999237,-0.515257895,0,-0.5,-0.0089278296,2.4933541435,0
5.5300002098,-0.5133971572,0,-0.5,-0.0090150954,2.5109644006,36.1425086926
5.5300002098,-0.5160225034,0,-0.5,-0.0075386371,2.5086511817,0
5.5300002098,-0.5168958902,0,-0.5,-0.0071608834,2.4840742605,0
5.5300002098,-0.512470305,0,-0.5,-0.0074859029,2.4782707211,0
5.4800000191,-0.5160252452,0,-0.5,-0.008291401,2.4669345332,41.3692616659
5.4800000191,-0.5174449682,0,-0.5,-0.0093894694,2.4519356646,0
5.4299998283,-0.5143893361,0,-0.5,-0.0088550542,2.4483813174,43.1343651952
5.4299998283,-0.5130832195,0,-0.5,-0.0097034676,2.4466931317,0
5.3800001144,-0.5123208761,0,-0.5,-0.0101414584,2.4510044973,46.9531570098
5.3800001144,-0.5121024251,0,-0.5,-0.0126171941,2.4688118734,0
5.3499999046,-0.5112102032,0,-0.5,-0.011768912,2.5124412389,36.3477024964
5.3499999046,-0.5110767484,0,-0.5,-0.0098457877,2.5466743412,0
5.3000001907,-0.5130419135,0,-0.5,-0.008445573,2.5993020638,55.891817803
5.3000001907,-0.5140076876,0,-0.5,-0.0062766424,2.6198683428,0
5.2399997711,-0.5122877359,0,-0.5,-0.00260915,2.630055264,68.5357227435
5.2399997711,-0.5111343265,0,-0.5,0.0019165487,2.6332701486,0
5.1999998093,-0.5145955086,0,-0.5,0.0028543849,2.6108263672,74.35745846
5.1999998093,-0.5120366216,0,-0.5,0.0041913702,2.5827480395,0
5.1300001144,-0.5120296478,0,-0.5,0.003018457,2.5465638019,87.034294894
5.1300001144,-0.5108305812,0,-0.5,0.0030467384,2.5381658092,0
5.0999999046,-0.5135034323,0,-0.5,0.0027140947,2.5174811139,86.4045954438
5.0999999046,-0.512231946,0,-0.5,0.0016754339,2.5065759621,0
5.0599999428,-0.5112348795,0,-0.5,0.0010657922,2.4877030808,79.7394082601
5.0599999428,-0.5113390088,0,-0.5,0.0009279185,2.4592744378,0
4.9800000191,-0.5126004219,0,-0.5,-0.0001787871,2.468091731,82.8304881056
4.9800000191,-0.5104499459,0,-0.5,-0.0017282463,2.4635195851,0
4.9600000381,-0.5101935863,0,-0.5,-0.0031060833,2.4992603117,56.9331981284
4.9600000381,-0.5116602778,0,-0.5,-0.004613034,2.5268692341,0
4.9099998474,-0.5111705065,0,-0.5,-0.0025996347,2.5733874366,67.296661267
4.9099998474,-0.5113953352,0,-0.5,-0.0029920933,2.5860951515,0
4.8299999237,-0.5117074847,0,-0.5,-0.0029692976,2.5636446689,70.335213102
4.8299999237,-0.5151716471,0,-0.5,0.0007847915,2.542977065,0
4.8299999237,-0.5121944547,0,-0.5,0.0017404372,2.5181413966,0
4.8299999237,-0.5112244487,0,-0.5,0.002096171,2.4787607575,0
4.7699999809,-0.5112408996,0,-0.5,0.0017911108,2.4485208239,53.4042782015
4.7699999809,-0.5105969906,0,-0.5,0.0024206438,2.4302489727,0
4.7100000381,-0.5110824704,0,-0.5,0.0012616294,2.4262807565,48.1670126304
4.7100000381,-0.5098057985,0,-0.5,0.0004184163,2.4517168267,0
4.6700000763,-0.5114358664,0,-0.5,0.0008583593,2.4825667949,34.2617248621
4.6700000763,-0.5112085938,0,-0.5,0.0011588981,2.4990731928,0
4.6300001144,-0.5090425611,0,-0.5,0.0008159067,2.5015424684,30.6948008903
4.6300001144,-0.5105217099,0,-0.5,0.0020418703,2.4848457558,0
4.5799999237,-0.5106599927,0,-0.5,0.0019953102,2.4735770215,33.1028715969
4.5799999237,-0.5111364126,0,-0.5,0.0015289881,2.4579144051,0
4.5199999809,-0.5085365176,0,-0.5,0.0015196023,2.4629826235,34.9257978475
4.5199999809,-0.5117897987,0,-0.5,0.0019674723,2.4510192564,0
4.4600000381,-0.5123865008,0,-0.5,0.0024508052,2.4449921824,31.5142049476
4.4600000381,-0.5111722946,0,-0.5,0.0027406916,2.4370552562,0
4.4099998474,-0.5094274282,0,-0.5,0.0037398273,2.4578949515,25.9059804355
4.4099998474,-0.5068320632,0,-0.5,0.0052936524,2.5201468906,0
4.3899998665,-0.5083818436,0,-0.5,0.0047750324,2.5520181136,10.1831941689
4.3899998665,-0.5105937719,0,-0.5,0.0077456087,2.5388115941,0
4.3299999237,-0.5104942918,0,-0.5,0.0090408884,2.5015257955,25.6923683672
4.3299999237,-0.508267045,0,-0.5,0.0114032971,2.4024323529,0
4.3099999428,-0.5071669221,0,-0.5,0.0120109385,2.3504227293,8.2281983787
4.3099999428,-0.5078527927,0,-0.5,0.010926133,2.2829366447,0
4.25,-0.5099367499,0,-0.5,0.0094365943,2.252994072,22.2762076315
4.25,-0.5082586408,0,-0.5,0.0053389831,2.2634562404,0
4.1900000572,-0.5086902976,0,-0.5,0.0033061295,2.2680211888,21.2704206564
4.1900000572,-0.5089513659,0,-0.5,0.0063467119,2.273186821,0
4.1500000954,-0.5074478984,0,-0.5,0.0068224566,2.272460739,13.8727281004
4.1500000954,-0.510237515,0,-0.5,0.0078734644,2.2654678646,0
4.0799999237,-0.5108261704,0,-0.5,0.007451484,2.2664704223,21.9157909963
4.0799999237,-0.5111550689,0,-0.5,0.0071511911,2.2843871965,0
4.0599999428,-0.5077441931,0,-0.5,0.0072095883,2.2959501015,6.3131656213
4.0599999428,-0.5090357661,0,-0.5,0.0075892787,2.29342839,0
3.9900000095,-0.510166347,0,-0.5,0.006324952,2.2840287765,20.187509054
3.9900000095,-0.5083624125,0,-0.5,0.0068147322,2.2270211777,0
3.9400000572,-0.5049397349,0,-0.5,0.0079351123,2.203240846,14.1087943291
3.9400000572,-0.5064197779,0,-0.5,0.0075587877,2.2058494296,0
3.9200000763,-0.5105318427,0,-0.5,0.0062297727,2.2045668415,5.6298873521
3.9200000763,-0.5100829601,0,-0.5,0.005549246,2.222096846,0
3.8699998856,-0.5090286732,0,-0.5,0.0049412078,2.2280267479,13.2290261467
3.8699998856,-0.5085384846,0,-0.5,0.005270666,2.2415958001,0
3.8399999142,-0.5055516362,0,-0.5,0.0061125541,2.2563921983,7.7738964147
3.8399999142,-0.5053613782,0,-0.5,0.0080713257,2.264915983,0
3.7799999714,-0.5091514587,0,-0.5,0.0060686423,2.2689532767,14.8760568671
3.7799999714,-0.5071657896,0,-0.5,0.0051263892,2.2587486722,0
3.7300000191,-0.5060411692,0,-0.5,0.0048331777,2.2550746972,12.024543378
3.7300000191,-0.5061965585,0,-0.5,0.0041574519,2.2588920858,0
3.6900000572,-0.5076312423,0,-0.5,0.004319971,2.2269939404,9.515201089
3.6900000572,-0.5076924562,0,-0.5,0.0039410498,2.2184544277,0
3.6400001049,-0.5076364279,0,-0.5,0.0041556805,2.2013710893,11.730249699
3.6400001049,-0.5062892437,0,-0.5,0.0039960286,2.2060355341,0
3.6099998951,-0.5047574639,0,-0.5,0.0017922954,2.2327879147,7.0667464051
3.6099998951,-0.5039110184,0,-0.5,0.002182811,2.2476360184,0
3.5299999714,-0.5075160265,0,-0.5,0.0020658122,2.2855461946,18.2634999036
3.5299999714,-0.5064387918,0,-0.5,0.0031117937,2.3025857024,0
3.4700000286,-0.5052281022,0,-0.5,0.0041586291,2.2973043591,13.5086127857
3.4700000286,-0.5040156841,0,-0.5,0.0049386672,2.2791195135,0
3.4300000668,-0.5044544935,0,-0.5,0.0058225002,2.2606554727,9.0012223306
3.4300000668,-0.5033672452,0,-0.5,0.0051373746,2.2506465152,0
3.4100000858,-0.5064678788,0,-0.5,0.0029095304,2.2207245355,4.4557770498
3.4100000858,-0.5042773485,0,-0.5,0.0023225478,2.215061398,0
3.3699998856,-0.5053196549,0,-0.5,0.0045654913,2.2145604378,8.6899536204
3.3699998856,-0.5061749816,0,-0.5,0.0057204552,2.2221276565,0
3.2899999619,-0.5046684146,0,-0.5,0.0055748532,2.2034857698,16.7363125756
3.2899999619,-0.5034788251,0,-0.5,0.0047121691,2.1783050716,0
3.2899999619,-0.5064836144,0,-0.5,0.0038033931,2.1392599406,0
3.2899999619,-0.504565537,0,-0.5,0.0034719566,2.1335875584,0
3.2200000286,-0.5044424534,0,-0.5,0.0012312338,2.1364752417,14.4465884805
3.2200000286,-0.503013432,0,-0.5,-0.0018341877,2.1453725245,0
3.1600000858,-0.5055256486,0,-0.5,-0.0026781247,2.1710335499,12.3293692755
3.1600000858,-0.5038707852,0,-0.5,-0.0015950272,2.191867799,0
3.1400001049,-0.5024886131,0,-0.5,-5.20796602358422E-05,2.2391401498,4.1077249175
3.1400001049,-0.5023633838,0,-0.5,-4.31099033448223E-05,2.2727860049,0
3.0599999428,-0.5069924593,0,-0.5,0.002411596,2.2772099545,15.710628218
3.0599999428,-0.5067049861,0,-0.5,0.002947798,2.2701703363,0
3.0299999714,-0.5060063004,0,-0.5,0.0021969085,2.2472099506,5.9288987511
3.0299999714,-0.5067420006,0,-0.5,0.0019023606,2.2133171365,0
2.9700000286,-0.5037238002,0,-0.5,0.0028931063,2.1963807918,11.5717688237
2.9700000286,-0.504514575,0,-0.5,0.0013438129,2.1855784885,0
2.9300000668,-0.5027484298,0,-0.5,0.0025015185,2.1632943613,88.4426294604
2.9300000668,-0.5022157431,0,-0.5,0.0021311413,2.14666995,0
2.9300000668,-0.5007930398,0,-0.5,0.0020459285,2.1322077744,0
2.8699998856,-0.5008274317,0,-0.5,0.0017991911,2.1521650815,11.2811933301
2.8699998856,-0.5055425763,0,-0.5,0.0025877969,2.1726846283,0
2.8299999237,-0.5063177347,0,-0.5,0.0021128401,2.202218127,7.5891559634
2.8299999237,-0.5071521401,0,-0.5,0.0034489536,2.2104882741,0
2.7699999809,-0.5049766302,0,-0.5,0.0050550182,2.2073590997,10.9298166777
2.7699999809,-0.506206274,0,-0.5,0.0059848805,2.204729678,0
2.7400000095,-0.5039675236,0,-0.5,0.0065261661,2.1872711527,5.3897208888
2.7400000095,-0.5016739368,0,-0.5,0.0065089082,2.1554830948,0
2.6700000763,-0.5038086176,0,-0.5,0.0076387697,2.1511068925,12.2870924473
2.6700000763,-0.5056537986,0,-0.5,0.0080827568,2.1487826339,0
2.6400001049,-0.503751874,0,-0.5,0.0099642556,2.1409037003,5.2274140769
2.6400001049,-0.5021408796,0,-0.5,0.0111978268,2.1115649239,0
2.5899999142,-0.5043073893,0,-0.5,0.0102566527,2.092805887,8.543180634
2.5899999142,-0.5055134296,0,-0.5,0.0113066435,2.0674616674,0
2.5299999714,-0.5028148293,0,-0.5,0.0124037126,2.0502240498,10.0848484566
2.5299999714,-0.5048872828,0,-0.5,0.0129233338,2.0087613865,0
2.4700000286,-0.5021880269,0,-0.5,0.0145837059,2.0006585449,9.8786115597
2.4700000286,-0.5019909143,0,-0.5,0.0149364406,1.9736261758,0
2.4600000381,-0.5044224262,0,-0.5,0.0136099057,1.9310232206,1.6295488408
2.4600000381,-0.5046456456,0,-0.5,0.0129065393,1.8848825616,0
2.4200000763,-0.5025752187,0,-0.5,0.0105716567,1.8776146484,6.4114807558
2.4200000763,-0.503908813,0,-0.5,0.0095232092,1.8657002734,0
2.3599998951,-0.5044990182,0,-0.5,0.0085287597,1.8723074365,9.4812559445
2.3599998951,-0.5054652095,0,-0.5,0.0089545995,1.9013466617,0
2.2999999523,-0.5041815639,0,-0.5,0.0074945185,1.9073607158,9.4920889075
2.2999999523,-0.5009797812,0,-0.5,0.0066995327,1.9177035166,0
2.2799999714,-0.5034506321,0,-0.5,0.0054932996,1.9176457001,3.1151218559
2.2799999714,-0.5043851733,0,-0.5,0.0042400477,1.9249932988,0
2.2100000381,-0.5043554902,0,-0.5,0.0042558862,1.9378460438,10.7338716406
2.2100000381,-0.5036677718,0,-0.5,0.0046977112,1.933723059,0
2.1500000954,-0.5020538568,0,-0.5,0.0050434428,1.9238969313,9.1585701976
2.1500000954,-0.5028603077,0,-0.5,0.0047805677,1.912713062,0
2.1099998951,-0.5030378103,0,-0.5,0.0029612049,1.890223883,6.111157622
2.1099998951,-0.5027281642,0,-0.5,0.0023890031,1.8913211827,0
2.0499999523,-0.5021525621,0,-0.5,0.0008176558,1.9061476801,9.0622965485
2.0499999523,-0.5036985278,0,-0.5,0.0005173573,1.9096487185,0
2.0099999905,-0.5024939179,0,-0.5,0.0005415839,1.9276863746,6.0329721586
2.0099999905,-0.5027469397,0,-0.5,0.0019668527,1.9473237453,0
1.9700000286,-0.5038175583,0,-0.5,0.0010275863,1.9533573499,6.0090451963
1.9700000286,-0.5041773915,0,-0.5,0.0007053678,1.932253447,0
1.9299999475,-0.5021638274,0,-0.4871541277,-0.0007219632,1.9170561511,5.9495815993
1.9299999475,-0.5028371215,0,-0.4915192148,-0.0008698477,1.8855760935,0
1.8999999762,-0.5015478134,0,-0.4539398852,-0.002634844,1.8876500716,4.4660441894
1.8999999762,-0.4924961627,0,-0.4572112114,-0.0028068516,1.9274272163,0
1.8600000143,-0.4905013442,0,-0.4071514253,-0.0037042988,1.9346594477,5.9141568282
1.8600000143,-0.4746019542,0,-0.4115189419,-0.002532973,1.9574761922,0
6.0100002289,0.0030483401,0,-0.5,-0.0094511565,1.8525757188,1.9672778582
6.0100002289,-0.0004278709,0,-0.5,-0.0088805454,1.8616662849,0
6.0199999809,0.0019924203,0,-0.5,-0.0079189958,1.8766371948,1.9855438286
6.0199999809,-0.0511131845,0,-0.5,-0.0102489172,1.8901972291,0
6.0300002098,-0.1518748552,0,-0.5,-0.0122361695,1.9841951918,1.9977690457
6.0300002098,-0.4268410504,0,-0.5,-0.0202986002,2.1173419356,0
6.0100002289,-0.4969813228,0,-0.5,-0.0206499174,2.2974335462,3.987371893
6.0100002289,-0.5297982693,0,-0.5,-0.0155467549,2.3722466503,0
5.9899997711,-0.5238181949,0,-0.5,-0.0113068772,2.400606694,3.9804460294
5.9899997711,-0.5163757801,0,-0.5,-0.0031599277,2.3381550375,0
5.9699997902,-0.5154874325,0,-0.5,-0.0016146755,2.205878993,4.0618898238
5.9699997902,-0.5109246969,0,-0.5,-0.0018427363,2.102318644,0
5.9099998474,-0.5103405118,0,-0.5,-0.0014757992,2.0222800438,11.921980232
5.9099998474,-0.5115145445,0,-0.5,-0.0051706671,1.8982185065,0
5.8699998856,-0.5110608339,0,-0.5,-0.0065798727,1.8554039459,8.0761959497
5.8699998856,-0.510215342,0,-0.5,-0.0094998218,1.8336104192,0
5.8299999237,-0.5102344155,0,-0.5,-0.009949333,1.8635897988,8.1083876322
5.8299999237,-0.5085588098,0,-0.5,-0.0101357009,1.9014667806,0
5.8000001907,-0.508169055,0,-0.5,-0.0079410784,1.9350133846,6.1121949664
5.8000001907,-0.5080348849,0,-0.5,-0.008239313,1.970571898,0
5.75,-0.5089700818,0,-0.5,-0.0104612689,1.9886064908,9.9323003236
5.75,-0.5108015537,0,-0.5,-0.0107230796,2.0124506097,0
5.7199997902,-0.5099762678,0,-0.5,-0.0112664336,2.0291454274,89.5164374703
5.7199997902,-0.5090275407,0,-0.5,-0.0102340393,2.0753435097,0
5.6700000763,-0.5094551444,0,-0.5,-0.0103740823,2.1028630079,9.9590560918
5.6700000763,-0.5112012625,0,-0.5,-0.006775388,2.1387176271,0
5.6399998665,-0.5091630816,0,-0.5,-0.0062519554,2.1565890455,6.0259237438
5.6399998665,-0.508718133,0,-0.5,-0.00714865,2.1770776149,0
5.5799999237,-0.5096971989,0,-0.5,-0.0075006098,2.1613875824,11.9078719304
5.5799999237,-0.5086820126,0,-0.5,-0.0065200203,2.1373768918,0
5.5399999619,-0.5079543591,0,-0.5,-0.0080560232,2.1260044313,7.9987966948
5.5399999619,-0.5053656697,0,-0.5,-0.0081472965,2.114201636,0
5.5,-0.5063998103,0,-0.5,-0.0074059111,2.1012472077,8.0338446026
5.5,-0.5071566105,0,-0.5,-0.0093495231,2.1213642055,0
5.4600000381,-0.5061812401,0,-0.5,-0.0100158649,2.1474861465,8.0859928626
5.4600000381,-0.506352365,0,-0.5,-0.0099345846,2.1633518171,0
5.4099998474,-0.5075769424,0,-0.5,-0.0112084746,2.1759882603,10.0382885989
5.4099998474,-0.5073873401,0,-0.5,-0.0100895101,2.1855074724,0
5.3499999046,-0.5042636991,0,-0.5,-0.0070107989,2.1956825857,11.9411675948
5.3499999046,-0.5042750835,0,-0.5,-0.005260516,2.1951789334,0
5.3200001717,-0.5041539669,0,-0.5,-0.0063175634,2.2032223397,5.9942977842
5.3200001717,-0.5070453286,0,-0.5,-0.0053122365,2.2107486039,0
5.2699999809,-0.5074168444,0,-0.5,-0.0048780041,2.1909902591,9.9560343075
5.2699999809,-0.5075873733,0,-0.5,-0.0054707034,2.1661293413,0
5.2199997902,-0.5092026591,0,-0.5,-0.004796789,2.1555042176,10.0405842901
5.2199997902,-0.5050463676,0,-0.5,-0.0047362195,2.1679399063,0
5.2100000381,-0.5046986341,0,-0.5,-0.0063774413,2.1744425629,2.0293390311
5.2100000381,-0.504573822,0,-0.5,-0.0072644986,2.1977370658,0
5.1900000572,-0.5058170557,0,-0.5,-0.0064464509,2.2218601341,4.0428928406
5.1900000572,-0.5069764853,0,-0.5,-0.0045082015,2.2496843171,0
5.1199998856,-0.5089536309,0,-0.5,-0.0056617325,2.2665631225,13.8808277435
5.1199998856,-0.505109787,0,-0.5,-0.0038212817,2.293633869,0
5.0599999428,-0.5084329844,0,-0.5,-0.0038255472,2.2986633811,11.9453922021
5.0599999428,-0.5089842081,0,-0.5,-0.0028583515,2.2760898426,0
5.0199999809,-0.5052816272,0,-0.5,-0.0011174857,2.2607809093,8.0463221444
5.0199999809,-0.5058938861,0,-0.5,-0.0027845092,2.2456416752,0
4.9800000191,-0.5029456019,0,-0.5,-0.0022678594,2.2435221761,8.0956571217
4.9800000191,-0.5050125122,0,-0.5,-0.003069974,2.2449344554,0
4.9200000763,-0.5038238764,0,-0.5,-0.0006868491,2.2436073224,12.0628374149
4.9200000763,-0.5051807165,0,-0.5,-0.0007627925,2.2519494716,0
4.8899998665,-0.5055078864,0,-0.5,-0.0015167233,2.2422764224,6.1077883863
4.8899998665,-0.5081135631,0,-0.5,-0.0016174562,2.2237440564,0
4.8299999237,-0.5062913895,0,-0.5,-0.0035782009,2.1954052562,12.1647737455
4.8299999237,-0.5063195825,0,-0.5,-0.0025626174,2.1962786703,0
4.7699999809,-0.5071005821,0,-0.5,-0.0014121239,2.1785761655,12.2519430352
4.7699999809,-0.5061902404,0,-0.5,-0.0022176751,2.1650306958,0
4.7300000191,-0.5072563291,0,-0.5,-0.0028102682,2.1733244898,8.2603060249
4.7300000191,-0.5060860515,0,-0.5,-0.0042370819,2.1701880898,0
4.6700000763,-0.5084165931,0,-0.5,-0.0062222397,2.1747026915,12.2273888592
4.6700000763,-0.5059392452,0,-0.5,-0.0083213653,2.1941818318,0
4.6500000954,-0.5040681362,0,-0.5,-0.0105919084,2.2453513833,4.1383378974
4.6500000954,-0.5050295591,0,-0.5,-0.0112710074,2.2603183648,0
4.5599999428,-0.5050525069,0,-0.5,-0.0089241983,2.3046632703,17.9721857505
4.5599999428,-0.5048697591,0,-0.5,-0.0091606108,2.3391589267,0
4.5399999619,-0.5057033896,0,-0.5,-0.0072895624,2.3779406412,4.1210600824
4.5399999619,-0.5075716972,0,-0.5,-0.0057104295,2.4079863139,0
4.5199999809,-0.5084100366,0,-0.5,-0.005972771,2.3769959785,4.0937903097
4.5199999809,-0.5081541538,0,-0.5,-0.0038542557,2.3386460438,0
4.4600000381,-0.5071225762,0,-0.5,-0.0055917846,2.2675894442,12.1443569683
4.4600000381,-0.5070628524,0,-0.5,-0.0060690022,2.2397017946,0
4.4200000763,-0.5069765449,0,-0.5,-0.0071776789,2.2399134558,8.3390977698
4.4200000763,-0.5069934726,0,-0.5,-0.0072312569,2.2475618459,0
4.3499999046,-0.5040357113,0,-0.5,-0.0078060692,2.2681312267,14.6479830474
4.3499999046,-0.5038139224,0,-0.5,-0.0083206668,2.3125293788,0
4.3099999428,-0.5043144226,0,-0.5,-0.0072592618,2.3828795303,8.4258771123
4.3099999428,-0.506041944,0,-0.5,-0.0070704645,2.4067574261,0
4.25,-0.5076628923,0,-0.5,-0.0049237586,2.4398721151,12.3085091786
4.25,-0.5072301626,0,-0.5,-0.0039404519,2.4576146275,0
4.2100000381,-0.5056788921,0,-0.5,-0.0029277154,2.4554036398,8.1337864175
4.2100000381,-0.5072028637,0,-0.5,-0.0029339904,2.4250631362,0
4.1500000954,-0.5039646029,0,-0.5,-0.002440606,2.3891479655,11.9147890491
4.1500000954,-0.502397418,0,-0.5,-0.0034109892,2.3834836029,0
4.1399998665,-0.503036201,0,-0.5,-0.0037482921,2.3956149247,2.0007842931
4.1399998665,-0.5026868582,0,-0.5,-0.0020329789,2.3938983454,0
4.0799999237,-0.5026816726,0,-0.5,0.0009063305,2.3938508318,88.5160165642
4.0799999237,-0.5035892725,0,-0.5,0.0003930294,2.3855369474,0
4.0399999619,-0.5057522655,0,-0.5,-0.0017405355,2.3350609142,88.8286992595
4.0399999619,-0.5047817826,0,-0.5,-0.0024602553,2.3003339544,0
4.0399999619,-0.5041152835,0,-0.5,-0.0022038575,2.2920569154,0
3.9700000286,-0.5050230026,0,-0.5,-0.0019065847,2.2971920224,13.2823826141
3.9700000286,-0.5049713254,0,-0.5,-0.0012903333,2.3103783602,0
3.9100000858,-0.5058823228,0,-0.5,-0.0029714021,2.3380605437,11.3126385492
3.9100000858,-0.5057334304,0,-0.5,-0.0030306983,2.3650217822,0
3.8499999046,-0.5047681928,0,-0.5,-0.0005717844,2.4142634747,11.0539492863
3.8499999046,-0.5039519072,0,-0.5,-0.0005297491,2.4329350666,0
3.8099999428,-0.5048504472,0,-0.5,0.004182253,2.4523358471,7.3335865068
3.8099999428,-0.5078750253,0,-0.5,0.0062498236,2.4479020453,0
3.7599999905,-0.5088667274,0,-0.5,0.0107382713,2.4207758528,8.8396615571
3.7599999905,-0.5072174072,0,-0.5,0.0127935763,2.3714825635,0
3.7000000477,-0.5056592226,0,-0.5,0.0145245558,2.2961284473,10.3735796176
3.7000000477,-0.507568419,0,-0.5,0.0136012658,2.2470358658,0
3.6400001049,-0.5067410469,0,-0.5,0.0115838237,2.1683643212,10.3509365491
3.6400001049,-0.5039756894,0,-0.5,0.012732164,2.1468380101,0
3.6099998951,-0.5063171983,0,-0.5,0.0083999,2.1037817971,5.1847717734
3.6099998951,-0.5068818331,0,-0.5,0.0056491168,2.0907545419,0
3.5399999619,-0.5079265237,0,-0.5,0.0037068862,2.0816151939,11.9605241005
3.5399999619,-0.5057333112,0,-0.5,0.0016006748,2.0982936165,0
3.4700000286,-0.5049372911,0,-0.5,0.0004641058,2.1275318495,11.9210017489
3.4700000286,-0.5053382516,0,-0.5,-0.0004411941,2.1556001644,0
3.4400000572,-0.5095354319,0,-0.5,0.0001814552,2.1959673716,5.075170872
3.4400000572,-0.5093548298,0,-0.5,0.0010121313,2.2423317643,0
3.4100000858,-0.5089053512,0,-0.5,0.0024681054,2.2801063268,5.0507485764
3.4100000858,-0.5079866648,0,-0.5,0.0022048305,2.2818669248,0
3.3699998856,-0.5060732961,0,-0.5,0.0056995414,2.2738813206,6.6276992314
3.3699998856,-0.505833745,0,-0.5,0.0067417375,2.253491035,0
3.2999999523,-0.50796628,0,-0.5,0.0077433879,2.2344803629,11.47150585
3.2999999523,-0.5060737133,0,-0.5,0.0089450199,2.1728809815,0
3.2400000095,-0.5058490038,0,-0.5,0.0076244059,2.1498932685,9.901829159
3.2400000095,-0.5036997199,0,-0.5,0.0063697472,2.1410203208,0
3.2100000381,-0.5024539232,0,-0.5,0.0058634584,2.1363244257,5.0329349136
3.2100000381,-0.50555408,0,-0.5,0.0059066894,2.1274053188,0
3.1500000954,-0.506898582,0,-0.5,0.0071260002,2.1270615356,10.0504173876
3.1500000954,-0.5049224496,0,-0.5,0.0069820709,2.1072503444,0
3.0899999142,-0.5037118196,0,-0.5,0.0082962681,2.1064235382,10.0007984705
3.0899999142,-0.5035755634,0,-0.5,0.0102796825,2.1006570092,0
3.0199999809,-0.5045107603,0,-0.5,0.0109247584,2.098711947,11.5536810858
3.0199999809,-0.5055177212,0,-0.5,0.0111958114,2.0739515943,0
3.0099999905,-0.5043284297,0,-0.5,0.0106353387,2.0451679674,1.6634106979
3.0099999905,-0.504766345,0,-0.5,0.012044223,2.0177914258,0
2.9200000763,-0.506080091,0,-0.5,0.0114948815,1.9853883352,14.5795536406
2.9200000763,-0.505256176,0,-0.5,0.0111636948,1.9709147616,0
2.8800001144,-0.5054261088,0,-0.5,0.0111169871,1.9550525388,6.5615073207
2.8800001144,-0.5022761822,0,-0.5,0.009196057,1.9518914296,0
2.8399999142,-0.5040968657,0,-0.5,0.0090248985,1.9807212647,6.5616435724
2.8399999142,-0.5028346777,0,-0.5,0.0093965493,1.9748349391,0
2.7799999714,-0.5018117428,0,-0.5,0.0099815093,1.9812802945,9.8560104947
2.7799999714,-0.5031033158,0,-0.5,0.0104378881,1.9853692083,0
2.7699999809,-0.5028979778,0,-0.5,0.0113311289,1.9755456493,1.6510578029
2.7699999809,-0.5035523772,0,-0.5,0.0085716397,1.9441622641,0
2.7200000286,-0.5044069886,0,-0.5,0.0102869952,1.9067835519,8.2020536091
2.7200000286,-0.5048332214,0,-0.5,0.007754798,1.8964903725,0
2.6600000858,-0.5039173961,0,-0.5,0.0051522357,1.929107202,9.8547922972
2.6600000858,-0.503444016,0,-0.5,0.0023290638,1.9513851603,0
2.6199998856,-0.5053500533,0,-0.5,0.0030507178,1.9632395128,6.6915504381
2.6199998856,-0.5051703453,0,-0.5,0.0046028947,1.9683199126,0
2.5499999523,-0.5036690831,0,-0.5,0.0052022259,1.981023494,11.5611906176
2.5499999523,-0.5040027499,0,-0.5,0.006853471,1.9667229576,0
2.4800000191,-0.5038325787,0,-0.5,0.0082148453,1.9563801386,11.5950585623
2.4800000191,-0.5022916198,0,-0.5,0.0093309721,1.9340287814,0
2.4400000572,-0.5004615784,0,-0.5,0.0101346476,1.904774965,6.7164013954
2.4400000572,-0.5014105439,0,-0.5,0.0089465901,1.8728021049,0
2.4000000954,-0.5013594031,0,-0.5,0.0086855115,1.8430369547,6.7835690663
2.4000000954,-0.5020008087,0,-0.5,0.0087757064,1.8278892888,0
2.3499999046,-0.5026341677,0,-0.5,0.0077236495,1.8119008438,8.5213782659
2.3499999046,-0.5027020574,0,-0.5,0.006397495,1.8296742511,0
2.2899999619,-0.5013423562,0,-0.5,0.0053215148,1.8876452081,10.3156008382
2.2899999619,-0.5027725101,0,-0.5,0.005575778,1.9040475354,0
2.2599999905,-0.5008628368,0,-0.5,0.0046244659,1.9053494023,5.2561552547
2.2599999905,-0.5005591512,0,-0.5,0.0036423965,1.8966949714,0
2.2200000286,-0.5011025071,0,-0.5,0.0032256537,1.8948890165,7.097857757
2.2200000286,-0.5009973645,0,-0.5,0.0043620607,1.8932431493,0
2.1900000572,-0.5029777884,0,-0.5,0.0046486813,1.8896927273,5.3899837056
2.1900000572,-0.5025504231,0,-0.5,0.002945275,1.8701502456,0
2.1300001144,-0.5016684532,0,-0.5,0.0021978598,1.8513966763,10.844143801
2.1300001144,-0.5016730428,0,-0.5,0.001905951,1.8262607533,0
2.0799999237,-0.5021389127,0,-0.5,0.0010712111,1.8215466305,9.0906813874
2.0799999237,-0.5023414493,0,-0.5,0.0003915883,1.8301074391,0
2.0199999809,-0.5009016991,0,-0.5,-0.0003129793,1.8170246506,11.0714207033
2.0199999809,-0.5000799894,0,-0.5,0.0013552965,1.8098007711,0
1.9900000095,-0.5014406443,0,-0.5,0.0032634255,1.8198748596,5.6205530357
1.9900000095,-0.5025622249,0,-0.5,0.0027245088,1.832720571,0
1.9299999475,-0.5027945042,0,-0.485008569,0.0026050915,1.8537390324,11.2506302625
1.9299999475,-0.4989341497,0,-0.4915635196,0.0018806797,1.8665301021,0
1.8700000048,-0.5006633997,0,-0.416445459,0.0027917663,1.8623006622,11.306010764
1.8700000048,-0.4972372353,0,-0.4229931863,0.0034179562,1.8311657332,0
1.8200000525,-0.4881618917,0,-0.3603742127,0.0040903427,1.7987583077,9.5073985993
1.8200000525,-0.473791182,0,-0.3658280783,0.0030395465,1.7816603568,0
6.0100002289,0.0484906361,0,-0.5,-0.0022107973,1.9285524379,2.8265444093
6.0100002289,0.0412994549,0,-0.5,-0.0039085932,1.9245813153,0
6.0100002289,0.0047027837,0,-0.5,-0.0033058547,1.9433355756,0
6.0100002289,-0.0086472062,0,-0.5,-0.0030408872,1.964496706,0
6.0199999809,-0.1773072183,0,-0.5,-0.0107752206,2.0601800601,2.9142472487
6.0199999809,-0.3214680254,0,-0.5,-0.0150888991,2.220646952,0
6.0199999809,-0.5047585368,0,-0.5,-0.0171446279,2.4859451332,0
6.0199999809,-0.5219749808,0,-0.5,-0.0147656426,2.6110405018,0
5.9600000381,-0.5223500133,0,-0.5,-0.0067433352,2.6387047648,0
5.9600000381,-0.5197783113,0,-0.5,-0.0025891582,2.5708039311,89.0396363683
5.9600000381,-0.5153819919,0,-0.5,0.0024712328,2.4702531057,0
5.9400000572,-0.5143512487,0,-0.5,0.0044001159,2.2701871504,5.9358097533
5.8699998856,-0.5132021904,0,-0.5,0.0057952222,2.0837450893,89.0985282239
5.8699998856,-0.5125764608,0,-0.5,0.0038633419,1.9945151761,0
5.8699998856,-0.5108474493,0,-0.5,-0.0015522512,1.8924454882,0
5.8699998856,-0.5101733804,0,-0.5,-0.0037626429,1.8539753419,0
5.8000001907,-0.5116707087,0,-0.5,-0.0062817982,1.8241352441,0
5.8000001907,-0.5104305148,0,-0.5,-0.0080084391,1.8254440901,22.0786306823
5.7199997902,-0.5105049014,0,-0.5,-0.0129493149,2.1329606805,25.8564215749
5.6700000763,-0.5105101466,0,-0.5,-0.0106825959,2.1871620471,16.9983891591
5.6700000763,-0.5122492909,0,-0.5,-0.0077543035,2.2610111844,0
5.6500000954,-0.5129516125,0,-0.5,-0.0053536515,2.2659802457,7.0689165698
5.6500000954,-0.5117378831,0,-0.5,-0.0039509768,2.2481771292,0
5.5799999237,-0.5102033019,0,-0.5,-0.0019571581,2.2260539168,23.9664406112
5.5799999237,-0.5098759532,0,-0.5,-0.0014255284,2.1747858506,0
5.5300002098,-0.5084844232,0,-0.5,-0.0015320353,2.1260848954,18.2696707065
5.5300002098,-0.5058265328,0,-0.5,-0.0028756759,2.0691120356,0
5.4899997711,-0.5089654922,0,-0.5,-0.0033787647,2.0545078276,15.4669935354
5.4899997711,-0.5097536445,0,-0.5,-0.0042501949,2.0734066726,0
5.4400000572,-0.5126349926,0,-0.5,-0.0061287875,2.0848543735,19.8354481358
5.4400000572,-0.510994792,0,-0.5,-0.0047334954,2.1092719162,0
5.4099998474,-0.5099833608,0,-0.5,-0.0045302128,2.1311420525,12.2732318748
5.4099998474,-0.5111944079,0,-0.5,-0.0025617031,2.1672687909,0
5.3499999046,-0.5102425218,0,-0.5,0.0006445962,2.1688545231,23.37881876
5.3499999046,-0.5098404884,0,-0.5,0.0014622908,2.1569320877,0
5.2899999619,-0.5079774857,0,-0.5,0.0022374268,2.1405578533,23.2845646557
5.2899999619,-0.5088969469,0,-0.5,0.0028401795,2.1322745408,0
5.25,-0.5092405081,0,-0.5,0.0051591108,2.1165027081,15.8272409942
5.25,-0.5078069568,0,-0.5,0.0059587946,2.0614217262,0
5.1799998283,-0.5049492717,0,-0.5,0.0019562438,1.9726454065,26.476043366
5.1799998283,-0.5046176314,0,-0.5,0.0006930711,1.9307465978,0
